Name,Company,Company ID,Offer URL,Region,Categories,Opening Date,Closing Date,Stage,Rolling,Needs CV,Needs Cover Letter,Company Description,Notes
Summer Associate Consultant – 2029 Internship Program,Inizio Ignite,inizio-ignite,https://job-boards.greenhouse.io/ashfieldadvisory/jobs/7967069?utm_source=Trackr&utm_medium=tracker&utm_campaign=UK_Finance_2027&gh_src=Trackr,UK,Consulting,2026-08-24,,Unknown,True,True,False,"Inizio Ignite is a strategic consultancy and transformation partner that supports the life sciences industry by leveraging data and technology to optimize commercial performance. Headquartered in London, the company specializes in integrated services including medical affairs, market access, and patient engagement strategies. It works with global pharmaceutical and biotech organizations to navigate complex regulatory environments and accelerate the delivery of treatments to patients. The firm combines human expertise with advanced analytics to help clients improve operational efficiency and patient outcomes across the product lifecycle.",2029 internship??
2027 Quant Researcher Summer Internship,Man Group,man-group,https://job-boards.eu.greenhouse.io/mangroup/jobs/4969142101?utm_source=Trackr&utm_medium=tracker&utm_campaign=UK_Finance_2027&gh_src=Trackr,UK,Trading and Quant,2026-09-04,2026-09-30,Unknown,True,True,True,"Man Group is a London-based active investment management firm with a global footprint, managing over $140 billion across strategies including hedge funds, long-only, and private markets. The firm operates through multiple investment engines—such as AHL, GLG, Numeric, and Man Global Private Markets—each with distinct styles, from quantitative and systematic to discretionary and fundamental. Man is especially recognised for its strength in data-driven strategies, risk management, and ESG integration, supported by in-house research and technology platforms. As a publicly listed asset manager, Man Group combines institutional scale with a multi-boutique model, offering customised solutions to pension funds, endowments, and wealth managers globally.",
2027 Commercial & Investment Banking - Sales - Summer Internship,J.P. Morgan,j-p-morgan,https://jpmc.fa.oraclecloud.com/hcmUI/CandidateExperience/en/sites/CX_1001/job/210780555/?utm_source=Trackr&utm_medium=tracker&utm_campaign=UK_Finance_2027&iis=Trackr&sType=Trackr,UK,Bulge Bracket,2026-08-31,,HireVue,True,True,True,"J.P. Morgan is the investment banking and wealth management arm of JPMorgan Chase & Co., one of the largest and most influential financial institutions globally. Headquartered in New York, the firm offers services across investment banking, commercial banking, asset and wealth management, and treasury and securities services. It is a market leader in M&A advisory, capital markets, trading, and research, serving corporate clients, financial sponsors, and governments worldwide. J.P. Morgan has a long history of innovation in financial services and is known for its global reach, balance sheet strength, and ability to execute complex, cross-border transactions. The firm plays a central role in capital allocation across public and private markets and continues to invest heavily in technology, digital banking, and sustainability initiatives. With a strong presence in London and across EMEA, it is a key player in European finance as well as global capital markets.",
2027 Commercial & Investment Banking - Global Markets - Summer Internship,J.P. Morgan,j-p-morgan,https://jpmc.fa.oraclecloud.com/hcmUI/CandidateExperience/en/sites/CX_1001/job/210780517/?utm_source=Trackr&utm_medium=tracker&utm_campaign=UK_Finance_2027&iis=Trackr&sType=Trackr,UK,Bulge Bracket,2026-08-31,,HireVue,False,False,False,"J.P. Morgan is the investment banking and wealth management arm of JPMorgan Chase & Co., one of the largest and most influential financial institutions globally. Headquartered in New York, the firm offers services across investment banking, commercial banking, asset and wealth management, and treasury and securities services. It is a market leader in M&A advisory, capital markets, trading, and research, serving corporate clients, financial sponsors, and governments worldwide. J.P. Morgan has a long history of innovation in financial services and is known for its global reach, balance sheet strength, and ability to execute complex, cross-border transactions. The firm plays a central role in capital allocation across public and private markets and continues to invest heavily in technology, digital banking, and sustainability initiatives. With a strong presence in London and across EMEA, it is a key player in European finance as well as global capital markets.",
2027 - Risk - Summer Internship,J.P. Morgan,j-p-morgan,https://jpmc.fa.oraclecloud.com/hcmUI/CandidateExperience/en/sites/CX_1001/jobs?utm_source=Trackr&utm_medium=tracker&utm_campaign=UK_Finance_2027&iis=Trackr&sType=Trackr&keyword=summer+internship+%22risk%22&location=United+Kingdom&locationId=300000000289276&locationLevel=country&mode=location,UK,Bulge Bracket,2026-08-31,,HireVue,False,False,False,"J.P. Morgan is the investment banking and wealth management arm of JPMorgan Chase & Co., one of the largest and most influential financial institutions globally. Headquartered in New York, the firm offers services across investment banking, commercial banking, asset and wealth management, and treasury and securities services. It is a market leader in M&A advisory, capital markets, trading, and research, serving corporate clients, financial sponsors, and governments worldwide. J.P. Morgan has a long history of innovation in financial services and is known for its global reach, balance sheet strength, and ability to execute complex, cross-border transactions. The firm plays a central role in capital allocation across public and private markets and continues to invest heavily in technology, digital banking, and sustainability initiatives. With a strong presence in London and across EMEA, it is a key player in European finance as well as global capital markets.",
Private Funds Group Summer Internship (2027),Evercore,evercore,https://jobs.smartrecruiters.com/Wiser/744000143765069-private-funds-group-summer-internship-2027-evercore?utm_source=Trackr&utm_medium=tracker&utm_campaign=UK_Finance_2027&trid=Trackr&dcr_ci=Trackr,UK,Elite Boutique,2026-09-01,,First Round,True,True,False,"Evercore is a premier global independent investment banking advisory firm, known for advising on complex M&A, capital markets, restructuring, and strategic transactions. Headquartered in New York and founded in 1995, Evercore operates across major financial centres in the Americas, Europe, and Asia. The firm is consistently ranked among the top M&A advisers globally, having advised on some of the largest and most transformative deals in recent decades. Evercore focuses exclusively on advisory—without lending or trading conflicts—positioning itself as a trusted, conflict-free partner to boards, CEOs, and private equity sponsors. The firm also provides institutional equity research and sells insights through its equities division. Known for its talent density, discretion, and analytical rigour, Evercore competes with top-tier Wall Street banks while maintaining an independent, client-focused culture.",
Restructuring Summer Internship (2027),Evercore,evercore,https://jobs.smartrecruiters.com/Wiser/744000146674819-restructuring-summer-internship-2027-evercore?utm_source=Trackr&utm_medium=tracker&utm_campaign=UK_Finance_2027&trid=Trackr&dcr_ci=Trackr,UK,Elite Boutique,2026-09-01,,First Round,True,True,False,"Evercore is a premier global independent investment banking advisory firm, known for advising on complex M&A, capital markets, restructuring, and strategic transactions. Headquartered in New York and founded in 1995, Evercore operates across major financial centres in the Americas, Europe, and Asia. The firm is consistently ranked among the top M&A advisers globally, having advised on some of the largest and most transformative deals in recent decades. Evercore focuses exclusively on advisory—without lending or trading conflicts—positioning itself as a trusted, conflict-free partner to boards, CEOs, and private equity sponsors. The firm also provides institutional equity research and sells insights through its equities division. Known for its talent density, discretion, and analytical rigour, Evercore competes with top-tier Wall Street banks while maintaining an independent, client-focused culture.",
2027 Private Fund Advisory Summer Internship Programme,Jefferies,jefferies,https://jefferies.tal.net/vx/lang-en-GB/mobile-0/appcentre-1/brand-4/candidate/so/pm/1/pl/2/opp/1927-2027-Private-Fund-Advisory-Summer-Internship-Programme-London/en-GB?utm_source=Trackr&utm_medium=tracker&utm_campaign=UK_Finance_2027,UK,Middle Market,2026-08-31,2026-11-15,Unknown,True,True,False,"Jefferies is a global investment banking and capital markets firm headquartered in New York, offering services in M&A advisory, equity and debt underwriting, research, and trading. The firm is known for its focus on the mid to upper mid-market, serving corporate clients, financial sponsors, and institutional investors across a wide range of industries. Jefferies operates with a full-service model that includes strong sector coverage, global distribution, and a growing footprint in Europe and Asia. It is particularly active in healthcare, industrials, TMT, and consumer, and is regarded as one of the top independent investment banks outside the bulge bracket. Jefferies has also expanded into asset and wealth management, and its flexible, entrepreneurial culture allows it to move quickly in competitive deal environments. With a reputation for high-touch client service and deal execution, it remains a go-to firm for high-growth companies and active sponsors.",
Summer Analyst Training Programme,AmplifyME,amplifyme,https://amplifyme.com/for-learners/summer-analyst-training-programme?utm_source=trackr&utm_medium=listing&utm_campaign=satp_2026&utm_content=summer_internships,UK,Promoted,2026-06-07,2026-10-16,Unknown,True,False,False,"AmplifyME is a financial technology and education company that provides simulation based training programs for universities and investment banks. Founded in 2016 and based in London, the firm uses proprietary software to replicate real world trading environments and investment decision making processes. AmplifyME is known for bridging the gap between academic theory and professional practice by offering experiential learning tools to students and new hires. It partners with global financial institutions and academic partners to identify talent and improve technical literacy across the financial services industry.",
2027 Equities Sales and Trading Summer Internship Programme,Jefferies,jefferies,https://jefferies.tal.net/vx/lang-en-GB/mobile-0/appcentre-1/brand-4/candidate/so/pm/1/pl/2/opp/1930-2027-Equities-Sales-and-Trading-Summer-Internship-Programme-London/en-GB?utm_source=Trackr&utm_medium=tracker&utm_campaign=UK_Finance_2027,UK,Middle Market,2026-08-31,2026-11-15,Unknown,True,True,False,"Jefferies is a global investment banking and capital markets firm headquartered in New York, offering services in M&A advisory, equity and debt underwriting, research, and trading. The firm is known for its focus on the mid to upper mid-market, serving corporate clients, financial sponsors, and institutional investors across a wide range of industries. Jefferies operates with a full-service model that includes strong sector coverage, global distribution, and a growing footprint in Europe and Asia. It is particularly active in healthcare, industrials, TMT, and consumer, and is regarded as one of the top independent investment banks outside the bulge bracket. Jefferies has also expanded into asset and wealth management, and its flexible, entrepreneurial culture allows it to move quickly in competitive deal environments. With a reputation for high-touch client service and deal execution, it remains a go-to firm for high-growth companies and active sponsors.",
2027 - Summer Internship (Securitised Products and Private Credit Trading / Structuring),Nomura,nomura,https://nomuracampus.tal.net/vx/lang-en-GB/mobile-0/appcentre-1/brand-4/user-598163/xf-1181ef381c7b/candidate/so/pm/1/pl/1/opp/1548-2027-Global-Markets-Summer-Internship-Securitised-Products-and-Private-Credit-Trading-Structuring-London-For-2028-Graduates/en-GB?utm_source=Trackr&utm_medium=tracker&utm_campaign=UK_Finance_2027,UK,Middle Market,2026-08-31,,Online Test,True,True,False,"Nomura is a Japanese multinational financial services group headquartered in Tokyo, with operations in investment banking, asset management, and retail brokerage. The firm serves corporates, governments, and institutional clients globally, offering advisory, capital markets, and trading services. Nomura is a market leader in Asia and maintains a growing presence in EMEA and the Americas, with particular strengths in structured finance, macro trading, and cross-border dealmaking. It also provides a wide range of public and private market investment strategies through Nomura Asset Management. The firm blends domestic scale with international ambition, and is actively investing in digital platforms and sustainability-led finance.",
2027 - Corporate Functions - Summer Internship,J.P. Morgan,j-p-morgan,https://jpmc.fa.oraclecloud.com/hcmUI/CandidateExperience/en/sites/CX_1001/jobs?utm_source=Trackr&utm_medium=tracker&utm_campaign=UK_Finance_2027&iis=Trackr&sType=Trackr&keyword=summer+internship+%22corporate+functions%22&location=United+Kingdom&locationId=300000000289276&locationLevel=country&mode=location,UK,Bulge Bracket,2026-08-31,,HireVue,False,False,False,"J.P. Morgan is the investment banking and wealth management arm of JPMorgan Chase & Co., one of the largest and most influential financial institutions globally. Headquartered in New York, the firm offers services across investment banking, commercial banking, asset and wealth management, and treasury and securities services. It is a market leader in M&A advisory, capital markets, trading, and research, serving corporate clients, financial sponsors, and governments worldwide. J.P. Morgan has a long history of innovation in financial services and is known for its global reach, balance sheet strength, and ability to execute complex, cross-border transactions. The firm plays a central role in capital allocation across public and private markets and continues to invest heavily in technology, digital banking, and sustainability initiatives. With a strong presence in London and across EMEA, it is a key player in European finance as well as global capital markets.",
2027 Private Credit Investment Summer Internship Programme,Jefferies,jefferies,https://jefferies.tal.net/vx/lang-en-GB/mobile-0/appcentre-1/brand-4/candidate/so/pm/1/pl/2/opp/1928-2027-Private-Credit-Investment-Summer-Internship-Programme-London/en-GB?utm_source=Trackr&utm_medium=tracker&utm_campaign=UK_Finance_2027,UK,Middle Market,2026-08-31,2026-11-15,Unknown,True,True,False,"Jefferies is a global investment banking and capital markets firm headquartered in New York, offering services in M&A advisory, equity and debt underwriting, research, and trading. The firm is known for its focus on the mid to upper mid-market, serving corporate clients, financial sponsors, and institutional investors across a wide range of industries. Jefferies operates with a full-service model that includes strong sector coverage, global distribution, and a growing footprint in Europe and Asia. It is particularly active in healthcare, industrials, TMT, and consumer, and is regarded as one of the top independent investment banks outside the bulge bracket. Jefferies has also expanded into asset and wealth management, and its flexible, entrepreneurial culture allows it to move quickly in competitive deal environments. With a reputation for high-touch client service and deal execution, it remains a go-to firm for high-growth companies and active sponsors.",
2027 Macquarie Capital Summer Internship Programme,Macquarie Group,macquarie-group,https://recruitment.macquarie.com/en_US/careers/JobDetail?jobId=23632&utm_source=Trackr&utm_medium=tracker&utm_campaign=UK_Finance_2027,UK,Middle Market,2026-09-01,,Unknown,True,True,False,"Macquarie Group is a global financial services firm headquartered in Sydney, Australia, offering services across asset management, banking, commodities, and capital markets. Known for its entrepreneurial culture and decentralised structure, Macquarie operates through specialised groups that manage infrastructure, green energy, real estate, and credit investments worldwide. It is one of the world’s largest infrastructure asset managers and a major player in commodity trading and energy finance. The firm’s global advisory and capital markets division supports clients with M&A, equity, and debt financing, often with a focus on complex or cross-border transactions. Macquarie has expanded significantly in Europe and North America and is recognised for combining risk discipline with innovation across sectors including renewables, tech, and transportation.",
"2027 - Global Markets (Sales, Trading, Structuring & Research) - Summer Internship",Nomura,nomura,https://nomuracampus.tal.net/vx/lang-en-GB/mobile-0/appcentre-1/brand-4/user-598163/xf-1181ef381c7b/candidate/so/pm/1/pl/1/opp/1449-2027-Global-Markets-Sales-Trading-Structuring-Research-Summer-Internship-London-for-2028-Graduates/en-GB?utm_source=Trackr&utm_medium=tracker&utm_campaign=UK_Finance_2027,UK,Middle Market,2026-08-31,,Online Test,True,True,False,"Nomura is a Japanese multinational financial services group headquartered in Tokyo, with operations in investment banking, asset management, and retail brokerage. The firm serves corporates, governments, and institutional clients globally, offering advisory, capital markets, and trading services. Nomura is a market leader in Asia and maintains a growing presence in EMEA and the Americas, with particular strengths in structured finance, macro trading, and cross-border dealmaking. It also provides a wide range of public and private market investment strategies through Nomura Asset Management. The firm blends domestic scale with international ambition, and is actively investing in digital platforms and sustainability-led finance.",
Private Capital Advisory – GP Advisory Summer Internship,Evercore,evercore,https://jobs.smartrecruiters.com/Wiser/744000143772490-private-capital-advisory-gp-advisory-summer-internship-evercore?utm_source=Trackr&utm_medium=tracker&utm_campaign=UK_Finance_2027&trid=Trackr&dcr_ci=Trackr,UK,Elite Boutique,2026-09-01,,First Round,True,True,False,"Evercore is a premier global independent investment banking advisory firm, known for advising on complex M&A, capital markets, restructuring, and strategic transactions. Headquartered in New York and founded in 1995, Evercore operates across major financial centres in the Americas, Europe, and Asia. The firm is consistently ranked among the top M&A advisers globally, having advised on some of the largest and most transformative deals in recent decades. Evercore focuses exclusively on advisory—without lending or trading conflicts—positioning itself as a trusted, conflict-free partner to boards, CEOs, and private equity sponsors. The firm also provides institutional equity research and sells insights through its equities division. Known for its talent density, discretion, and analytical rigour, Evercore competes with top-tier Wall Street banks while maintaining an independent, client-focused culture.",
2027 Commercial & Investment Banking - Research - Summer Internship,J.P. Morgan,j-p-morgan,https://jpmc.fa.oraclecloud.com/hcmUI/CandidateExperience/en/sites/CX_1001/job/210780476/?utm_source=Trackr&utm_medium=tracker&utm_campaign=UK_Finance_2027&iis=Trackr&sType=Trackr,UK,Bulge Bracket,2026-08-31,,HireVue,False,False,False,"J.P. Morgan is the investment banking and wealth management arm of JPMorgan Chase & Co., one of the largest and most influential financial institutions globally. Headquartered in New York, the firm offers services across investment banking, commercial banking, asset and wealth management, and treasury and securities services. It is a market leader in M&A advisory, capital markets, trading, and research, serving corporate clients, financial sponsors, and governments worldwide. J.P. Morgan has a long history of innovation in financial services and is known for its global reach, balance sheet strength, and ability to execute complex, cross-border transactions. The firm plays a central role in capital allocation across public and private markets and continues to invest heavily in technology, digital banking, and sustainability initiatives. With a strong presence in London and across EMEA, it is a key player in European finance as well as global capital markets.",
2027 Summer Internship Programme,LionTree,liontree,https://job-boards.greenhouse.io/liontree/jobs/5213296007?utm_source=Trackr&utm_medium=tracker&utm_campaign=UK_Finance_2027&gh_src=Trackr,UK,Elite Boutique,2026-08-17,2026-09-30,Unknown,True,True,False,"LionTree is a global investment and merchant banking firm headquartered in New York, specialising in the technology, media, and telecommunications (TMT) sectors. The firm advises corporates, entrepreneurs, and private equity sponsors on M&A, capital raising, and strategic partnerships, and is known for its deep industry relationships and thematic insight into digital transformation. LionTree has worked on some of the most high-profile TMT transactions in recent years, and also operates a merchant banking arm that invests directly in clients and sector opportunities. The firm is recognised for its relationship-driven model, long-term advisory approach, and thought leadership, including its Kindred Media platform. With offices in New York, San Francisco, London, and Paris, LionTree plays a significant role in shaping strategy and capital flows in the global media and tech ecosystem.",
2027 Equity Research Summer Internship Programme,Jefferies,jefferies,https://jefferies.tal.net/vx/lang-en-GB/mobile-0/appcentre-1/brand-4/candidate/so/pm/1/pl/2/opp/1929-2027-Equity-Research-Summer-Internship-Programme-London/en-GB?utm_source=Trackr&utm_medium=tracker&utm_campaign=UK_Finance_2027,UK,Middle Market,2026-08-31,2026-11-15,Unknown,True,True,False,"Jefferies is a global investment banking and capital markets firm headquartered in New York, offering services in M&A advisory, equity and debt underwriting, research, and trading. The firm is known for its focus on the mid to upper mid-market, serving corporate clients, financial sponsors, and institutional investors across a wide range of industries. Jefferies operates with a full-service model that includes strong sector coverage, global distribution, and a growing footprint in Europe and Asia. It is particularly active in healthcare, industrials, TMT, and consumer, and is regarded as one of the top independent investment banks outside the bulge bracket. Jefferies has also expanded into asset and wealth management, and its flexible, entrepreneurial culture allows it to move quickly in competitive deal environments. With a reputation for high-touch client service and deal execution, it remains a go-to firm for high-growth companies and active sponsors.",
2027 Redburn Summer Intern Programme,Redburn,redburn,https://rothschildandco.tal.net/vx/lang-en-GB/mobile-0/appcentre-ext/brand-4/xf-d1e4b70a3b97/candidate/jobboard/vacancy/2/adv/?f_Item_Opportunity_78763_lk=523763&f_Item_Opportunity_132775_lk=523903&f_Item_Opportunity_60426_lk=520148&utm_source=Trackr&utm_medium=tracker&utm_campaign=UK_Finance_2027,UK,Asset Management,2026-08-19,2026-09-27,Unknown,True,True,False,"Redburn is an independent equity research and agency brokerage firm headquartered in London, serving institutional investors across Europe and the US. It is known for its fundamental, in-depth research coverage across sectors including consumer, industrials, healthcare, and financials, as well as its client-driven execution services. Redburn operates with a strong emphasis on independence, avoiding conflicts of interest by focusing solely on execution and research without proprietary trading or investment banking. Now part of Rothschild & Co, Redburn maintains a reputation for analytical depth and sector expertise, and supports clients through both traditional and quantitative insights.",
2027 Summer Internship Programme,BNP Paribas,bnp-paribas,https://group.bnpparibas/en/careers/all-job-offers/trainee-internship/london?utm_source=Trackr&utm_medium=tracker&utm_campaign=UK_Finance_2027,UK,Middle Market,2026-08-18,,Online Test,True,True,False,"BNP Paribas is one of Europe’s largest banking groups, providing retail, corporate, and investment banking services across more than 70 countries. Headquartered in Paris, it was formed through the merger of Banque Nationale de Paris and Paribas in 2000. The group operates with a strong presence in continental Europe while maintaining global capabilities in capital markets, financing, asset management, and insurance. BNP Paribas is also active in ESG financing and sustainable investment, aligning its services with global climate and development goals.",
Quantitative Researcher Internship - 2027,Quantbot Technologies,quantbot-technologies,https://www.quantbot.com/careers/?gh_jid=4299863009&utm_source=Trackr&utm_medium=tracker&utm_campaign=UK_Finance_2027&gh_src=Trackr,UK,Trading and Quant,2026-08-12,,Unknown,True,True,False,"Quantbot Technologies is a quantitative investment firm founded in 2008 that develops fully automated trading strategies using statistical arbitrage, data science, and machine learning. The company operates globally with offices in New York, London, and Hong Kong and focuses on building scalable systems for strategy development, rigorous risk management, and leveraging cloud and large-scale data infrastructure to stay at the cutting edge of quantitative finance.",
Quantitative Trader/Researcher Summer Internship 2027,Tower Research Capital,tower-research-capital,https://tower-research.com/open-positions/?gh_jid=8037860&utm_source=Trackr&utm_medium=tracker&utm_campaign=UK_Finance_2027&gh_src=Trackr,UK,Trading and Quant,2026-09-01,,Unknown,True,True,False,"Tower Research Capital is a quantitative trading firm founded in 1998, known for its high-frequency trading and market-making across global financial markets. Headquartered in New York with offices worldwide, Tower develops proprietary algorithms and low-latency systems to trade a wide range of asset classes, including equities, futures, and currencies. The firm employs teams of quantitative researchers, engineers, and traders who collaborate to build data-driven models and trading infrastructure. Tower is a prominent player in the electronic trading ecosystem and competes with other leading quant-driven firms for talent and speed.",
2027 Asset Management Summer Internship Programme,Macquarie Group,macquarie-group,https://recruitment.macquarie.com/en_US/careers/JobDetail?jobId=23633&utm_source=Trackr&utm_medium=tracker&utm_campaign=UK_Finance_2027,UK,Middle Market,2026-09-01,,Unknown,True,True,False,"Macquarie Group is a global financial services firm headquartered in Sydney, Australia, offering services across asset management, banking, commodities, and capital markets. Known for its entrepreneurial culture and decentralised structure, Macquarie operates through specialised groups that manage infrastructure, green energy, real estate, and credit investments worldwide. It is one of the world’s largest infrastructure asset managers and a major player in commodity trading and energy finance. The firm’s global advisory and capital markets division supports clients with M&A, equity, and debt financing, often with a focus on complex or cross-border transactions. Macquarie has expanded significantly in Europe and North America and is recognised for combining risk discipline with innovation across sectors including renewables, tech, and transportation.",
2027 Asset Management Investments- Summer Internship,J.P. Morgan,j-p-morgan,https://jpmc.fa.oraclecloud.com/hcmUI/CandidateExperience/en/sites/CX_1001/job/210775295/?utm_source=Trackr&utm_medium=tracker&utm_campaign=UK_Finance_2027&iis=Trackr&sType=Trackr,UK,Bulge Bracket,2026-08-31,,HireVue,True,True,True,"J.P. Morgan is the investment banking and wealth management arm of JPMorgan Chase & Co., one of the largest and most influential financial institutions globally. Headquartered in New York, the firm offers services across investment banking, commercial banking, asset and wealth management, and treasury and securities services. It is a market leader in M&A advisory, capital markets, trading, and research, serving corporate clients, financial sponsors, and governments worldwide. J.P. Morgan has a long history of innovation in financial services and is known for its global reach, balance sheet strength, and ability to execute complex, cross-border transactions. The firm plays a central role in capital allocation across public and private markets and continues to invest heavily in technology, digital banking, and sustainability initiatives. With a strong presence in London and across EMEA, it is a key player in European finance as well as global capital markets.",
Quantitative Trading Internship (2027 Start),Optiver,optiver,https://grnh.se/bytkm3y62us?utm_source=Trackr&utm_medium=tracker&utm_campaign=UK_Finance_2027,UK,Trading and Quant,2026-08-20,,First Round,True,True,False,"Optiver is a global proprietary trading firm and market maker headquartered in Amsterdam, with offices in key financial centres including London, Chicago, and Sydney. The firm trades a wide range of financial instruments—including equities, options, futures, and ETFs—across global exchanges, using a combination of quantitative research, low-latency technology, and risk management. Known for providing liquidity and tight spreads, Optiver plays a key role in ensuring efficient and transparent markets. It operates solely with its own capital, and maintains a strong internal culture focused on collaboration, problem-solving, and continuous improvement in both technology and trading strategy.",
2027 - Global Markets Digital Office - Summer Internship (Quants & Strats),Nomura,nomura,https://nomuracampus.tal.net/vx/lang-en-GB/mobile-0/appcentre-1/brand-4/user-598163/xf-1181ef381c7b/candidate/so/pm/1/pl/1/opp/1451-2027-Global-Markets-Digital-Office-Summer-Internship-Quants-Strats-London-For-2028-Graduates/en-GB?utm_source=Trackr&utm_medium=tracker&utm_campaign=UK_Finance_2027,UK,Middle Market,2026-08-31,,Online Test,True,True,False,"Nomura is a Japanese multinational financial services group headquartered in Tokyo, with operations in investment banking, asset management, and retail brokerage. The firm serves corporates, governments, and institutional clients globally, offering advisory, capital markets, and trading services. Nomura is a market leader in Asia and maintains a growing presence in EMEA and the Americas, with particular strengths in structured finance, macro trading, and cross-border dealmaking. It also provides a wide range of public and private market investment strategies through Nomura Asset Management. The firm blends domestic scale with international ambition, and is actively investing in digital platforms and sustainability-led finance.",
CAP Summer Associate - Europe (2027),Capital Group,capital-group,https://capgroup.wd1.myworkdayjobs.com/en-US/capitalgroupcareers/job/CAP-Summer-Associate---Europe--2027-_JR7201?utm_source=Trackr&utm_medium=tracker&utm_campaign=UK_Finance_2027&source=Trackr,UK,Asset Management,2026-09-01,2026-11-01,Unknown,True,True,False,"Capital Group is one of the world’s largest investment management firms, known for its long-term, research-driven approach to active investing. Founded in 1931 and headquartered in Los Angeles, it manages equity, fixed income, and multi-asset strategies for individuals and institutions globally. The firm is best known for the American Funds range and its unique multimanager system, which blends different investment styles within a single portfolio. Capital Group operates with a strong focus on governance, investor outcomes, and consistency over market cycles.",
2027 - Investment Banking - Coverage & Advisory - Summer Internship,Nomura,nomura,https://nomuracampus.tal.net/vx/lang-en-GB/mobile-0/appcentre-1/brand-4/user-598163/xf-1181ef381c7b/candidate/so/pm/1/pl/1/opp/1427-2027-Investment-Banking-Coverage-Advisory-Summer-Internship-London/en-GB?utm_source=Trackr&utm_medium=tracker&utm_campaign=UK_Finance_2027,UK,Middle Market,2026-08-31,,Online Test,True,True,False,"Nomura is a Japanese multinational financial services group headquartered in Tokyo, with operations in investment banking, asset management, and retail brokerage. The firm serves corporates, governments, and institutional clients globally, offering advisory, capital markets, and trading services. Nomura is a market leader in Asia and maintains a growing presence in EMEA and the Americas, with particular strengths in structured finance, macro trading, and cross-border dealmaking. It also provides a wide range of public and private market investment strategies through Nomura Asset Management. The firm blends domestic scale with international ambition, and is actively investing in digital platforms and sustainability-led finance.",
2027 Summer Internship Programme,Centerview Partners,centerview-partners,https://app.the-trackr.com/job/1fd4c548-7e27-4439-afbc-02c0c5378eab?utm_source=Trackr&utm_medium=tracker&utm_campaign=UK_Finance_2027,UK,Elite Boutique,2026-08-12,,First Round,True,True,False,,Official application form run through Trackr
2027 Summer Internship Program,BNY Mellon,bny-mellon,https://eofe.fa.us2.oraclecloud.com/hcmUI/CandidateExperience/en/sites/BNY-Careers/jobs?keyword=%22summer+internship%22&lastSelectedFacet=TITLES&location=United+Kingdom&locationId=300000000378281&locationLevel=country&mode=location&selectedTitlesFacet=CAPG&utm_source=Trackr&utm_medium=tracker&utm_campaign=UK_Finance_2027&iis=Trackr&sType=Trackr,UK,Miscellaneous,2026-08-24,,Unknown,True,True,False,"BNY Mellon (The Bank of New York Mellon) is a US-based global financial institution specialising in investment servicing and management. Headquartered in New York, the bank was formed in 2007 through the merger of The Bank of New York and Mellon Financial Corporation. It is one of the largest custodians in the world, providing asset servicing, fund administration, and data solutions to institutional clients. BNY Mellon also manages investments across equities, fixed income, and alternatives through its investment arm, offering services in more than 35 countries.",
Summer Internship 2027,NERA,nera,https://careers.marsh.com/global/en/job/R_363208/NERA-Summer-Intern-2027-London,UK,Consulting,2026-09-01,,Unknown,True,True,False,"NERA Economic Consulting is a global consultancy that provides expert economic analysis for legal, regulatory, and policy matters. Founded in 1961 and part of Marsh McLennan, the firm supports clients with litigation support, antitrust analysis, financial economics, and public policy evaluation. NERA’s economists often serve as expert witnesses in high-profile court cases and regulatory inquiries, applying quantitative methods to assess damages, competition effects, or market dynamics. It serves law firms, corporations, and governments, and is known for its deep academic expertise and rigorous analytical standards in complex, data-driven environments.",
2027 Summer Analyst,Harris Williams,harris-williams,https://pnc.wd5.myworkdayjobs.com/en-US/HarrisWilliams/job/XMLNAME-2027-Summer-Analyst--London_R233025?utm_source=Trackr&utm_medium=tracker&utm_campaign=UK_Finance_2027&source=Trackr,UK,Middle Market,2026-09-03,,Unknown,True,True,False,"Harris Williams is a global investment bank headquartered in Richmond, Virginia, focused exclusively on M&A advisory for middle-market companies. The firm serves both private equity and corporate clients across industries including healthcare, technology, consumer, business services, and industrials. Harris Williams is known for its strong sell-side execution, sector-focused teams, and high-quality marketing materials. The firm operates internationally, with offices across the US and Europe, and is particularly active in transactions involving sponsor-backed businesses. It maintains a strong reputation for process discipline and strategic positioning of assets in competitive sale environments.",
EMEA Banking Summer Analyst,Wells Fargo,wells-fargo,https://wd1.myworkdaysite.com/en-US/recruiting/wf/WellsFargoJobs/job/EMEA-Banking-Summer-Analyst_R-570654-1?utm_source=Trackr&utm_medium=tracker&utm_campaign=UK_Finance_2027,UK,Middle Market,2026-08-26,2026-10-31,Unknown,True,True,False,"Wells Fargo is one of the largest financial institutions in the world, with more than $2.1 trillion in assets and over 200,000 employees globally. Within Corporate & Investment Banking, the firm serves approximately 15,000 clients and lends to 70% of the S&P 500, helping companies raise capital, finance growth, manage risk and execute strategic transactions.

The business has built significant momentum in recent years. Between 2019 and 2025, Banking revenue increased by 35%, Markets revenue grew by 48%, and Commercial Real Estate revenue rose by 28%. The firm has also climbed league tables across investment banking, markets and commercial real estate, establishing itself as one of the strongest growth stories on Wall Street.

For students interested in financial services, Wells Fargo offers exposure to a franchise that combines scale, capital strength and an expanding market presence. Analysts work alongside teams advising on major acquisitions, capital raises, financing transactions and risk management solutions for some of the world's largest companies and investors.",
Trader/Analyst Intern (London) - Summer 2027,D.E. Shaw,d-e-shaw,https://www.deshaw.com/careers/internships?utm_source=Trackr&utm_medium=tracker&utm_campaign=UK_Finance_2027&source=Trackr,UK,"Promoted,Buy-Side",2026-06-01,,First Round,True,True,False,"The D.E. Shaw Group is a global investment and technology development firm known for its quantitative and discretionary investment strategies. Founded in 1988 and headquartered in New York, it manages capital across hedge fund, private credit, and venture strategies for institutional investors. D.E. Shaw combines advanced mathematical modelling, data science, and proprietary technology in its investment approach, and attracts talent from both financial and scientific backgrounds. The firm is one of the most prominent quantitative hedge funds in the industry.",
2027 Summer Analyst (Strategic Advisory & Restructuring),PJT Partners,pjt-partners,https://pjtpartners.wd1.myworkdayjobs.com/en-US/Students/job/XMLNAME-2027-Summer-Analyst--Strategic-Advisory---Restructuring--London_R0003510?utm_source=Trackr&utm_medium=tracker&utm_campaign=UK_Finance_2027&source=Trackr,UK,Elite Boutique,2026-08-31,2026-10-04,Unknown,False,True,False,"PJT Partners is a global advisory-focused investment bank, formed as a spin-off from Blackstone in 2015. Headquartered in New York, the firm provides strategic advisory services in M&A, restructuring, and capital markets to corporates, governments, and institutional investors. It is particularly known for its strong presence in complex financial restructurings and special situations, having advised on many of the largest corporate bankruptcies and recapitalisations globally. PJT also operates a capital raising platform, Park Hill, which advises alternative asset managers on fundraising and secondary transactions. With a senior-led, conflict-free model, PJT competes with larger banks by offering high-touch, independent advice in critical, high-stakes mandates.",
2027 Associate Intern,Citadel,citadel,"https://www.citadel.com/careers/open-opportunities?utm_source=Trackr&utm_medium=tracker&utm_campaign=UK_Finance_2027&experience-filter=internships&sections-filter=business-operations,investing,quantitative-research&location-filter=london&selected-job-sections=388,389,387,390&current_page=1&sort_order=DESC&per_page=10&action=careers_listing_filter",UK,Buy-Side,2026-05-21,,Offers Out,True,True,False,"Citadel is a global financial institution operating one of the world’s largest and most successful hedge funds, alongside a leading market-making business through Citadel Securities. Founded in 1990 by Kenneth Griffin and headquartered in Miami, the firm manages capital across equities, credit, commodities, and global macro strategies. Citadel is known for its research-intensive, data-driven approach and emphasis on risk management. It attracts top talent in quantitative research, software engineering, and investment analysis across its global offices.",
Quantitative Researcher | Internship | Summer '27,BlockTech,blocktech,https://jobs.ashbyhq.com/blocktech/b170f716-113b-4e6e-a883-473f3cabf062?utm_source=Trackr&utm_medium=tracker&utm_campaign=UK_Finance_2027,UK,Trading and Quant,2026-09-01,,Unknown,True,True,False,"BlockTech is a fast-growing algorithmic trading firm founded in 2018. It specialises in cryptocurrency derivatives, especially options and futures on assets like Bitcoin and Ethereum. The company emphasises speed, precision, and data-driven decision making, using in-house software built by engineers and traders. BlockTech operates globally with offices in Amsterdam and Singapore, values ownership, innovation, and collaboration, and has scaled rapidly in both staff and operations.",
2027 Summer Internship - Quant Research and Trading,XY Capital,xy-capital,https://xycapital.careers.hibob.com/jobs/6f65a9e5-950f-42c3-b0bb-31a00483fdc4?utm_source=Trackr&utm_medium=tracker&utm_campaign=UK_Finance_2027,UK,Trading and Quant,2026-09-04,2026-10-30,Unknown,True,True,False,"XY Capital is a systematic arbitrage proprietary trading firm and asset manager with offices in Hong Kong and London. Specializing in the electronic trading of global equities and futures, the firm utilizes proprietary quantitative models and internal trading systems to execute its strategies. Its primary objective is to enhance financial market efficiency by providing increased liquidity and reducing execution costs for global investors. Through its data-driven approach, the firm maintains a growing presence across various international financial markets.",
Intern Quant Researcher,Squarepoint Capital,squarepoint-capital,https://www.squarepoint-capital.com/open-opportunities?utm_source=Trackr&utm_medium=tracker&utm_campaign=UK_Finance_2027&lvl=Internship&loc=14632,UK,Trading and Quant,2026-07-29,,First Round,True,True,False,"Squarepoint Capital is a global quantitative investment management firm that trades across a range of asset classes using systematic and data-driven strategies. With offices in New York, London, Singapore, and other financial hubs, Squarepoint operates in liquid markets across equities, FX, futures, and options. The firm integrates advanced analytics, proprietary algorithms, and scientific research into its trading and portfolio construction processes. Originally part of Barclays before spinning out in 2014, Squarepoint is known for its rigorous hiring standards, sophisticated technology stack, and focus on risk-adjusted returns across market cycles.",
"Quantitative Researcher, Intern (Summer 2027)",Aquatic Capital Management,aquatic-capital-management,https://job-boards.greenhouse.io/aquaticcapitalmanagement/jobs/8489186002?utm_source=Trackr&utm_medium=tracker&utm_campaign=UK_Finance_2027&gh_src=Trackr,UK,Trading and Quant,2026-04-04,,Unknown,True,True,False,"Aquatic Capital Management is a Chicago-based quantitative investment firm specializing in systematic strategies that combine rigorous quantitative research, robust software engineering, and disciplined risk management to generate consistent, repeatable returns. Registered with the SEC and CFTC and managing approximately $5.5 billion in assets as of March 2024, the firm advises private funds grouped into structured “master/feeder” models and employs a unified, collaborative approach to trading.",
Trader Intern (2027),IMC Trading,imc-trading,https://job-boards.eu.greenhouse.io/imc?utm_source=Trackr&utm_medium=tracker&utm_campaign=UK_Finance_2027&gh_src=Trackr&keyword=trader+intern&offices%5B%5D=4012435101,UK,Trading and Quant,2026-07-31,,Online Test,True,True,False,"IMC Trading is a global market maker and proprietary trading firm based in Amsterdam, with major offices in Chicago, Sydney, and other financial centres. Founded in 1989, the firm uses sophisticated algorithms, low-latency infrastructure, and real-time data to provide liquidity across equities, ETFs, derivatives, and fixed income products on over 100 exchanges worldwide. IMC plays a critical role in financial markets by narrowing bid-ask spreads and ensuring efficient price discovery, competing with firms like Jane Street, Optiver, and Citadel Securities. It operates on a flat organisational structure and places strong emphasis on collaboration between traders, engineers, and quantitative researchers. Known for its rigorous recruitment and data-driven culture, IMC invests heavily in proprietary technology and trading systems, and actively participates in market structure discussions to help shape the future of global trading.",
Summer Internship,EDF Trading,edf-trading,https://edftrading.wd1.myworkdayjobs.com/en-US/EDFTrading/job/Summer-Internship_JR1001184?source=Trackr,UK,"Trading and Quant,Promoted",2026-07-06,2026-08-17,Unknown,True,True,False,"EDF Trading is the wholesale market arm of EDF Group, managing the procurement, optimisation, and trading of power, gas, LNG, and environmental products. Operating across Europe, Asia, and North America, it offers services to both EDF affiliates and third-party clients. The firm plays a crucial role in balancing energy systems, supporting renewable integration, and offering risk management products in increasingly volatile markets. EDF Trading operates at the intersection of physical energy and financial market strategies.",
2027 M&A Advisory Summer Internship,Qatalyst Partners,qatalyst-partners,https://apptrkr.io/qatalyst-partners/intern-campaign-2027?utm_source=Trackr&utm_medium=tracker&utm_campaign=UK_Finance_2027,UK,Elite Boutique,2026-08-05,,First Round,True,True,False,"Qatalyst Partners is a leading US-based technology-focused investment bank, advising high-growth and large-cap tech companies on M&A, IPOs, and strategic alternatives. Founded by Frank Quattrone, the firm has built a reputation for its role in many of the tech sector’s most high-profile transactions, including mergers involving LinkedIn, GitHub, and Slack. Headquartered in San Francisco, Qatalyst is known for its discreet, senior-led execution model and its long-standing relationships with the tech industry’s top founders and investors. The firm operates with a focused mandate, typically advising on landmark deals in software, internet, and semiconductor industries.",
2027 Summer Internship,UBS,ubs,https://jobs.ubs.com/TGnewUI/Search/home/HomeWithPreLoad?utm_source=Trackr&utm_medium=tracker&utm_campaign=UK_Finance_2027&partnerid=25008&siteid=5131&PageType=searchResults&SearchType=linkquery&LinkID=15232,UK,Bulge Bracket,2026-08-17,,HireVue,True,True,False,"UBS is a global financial services firm headquartered in Zurich, offering wealth management, investment banking, asset management, and retail banking. With a particularly strong presence in global wealth management, UBS serves high-net-worth and institutional clients across Europe, the Americas, and Asia-Pacific. The firm also operates a sizeable investment banking division and is active in advisory, capital markets, and equities trading. UBS has placed increased emphasis on sustainable investing, digital innovation, and its integrated client model following its 2023 acquisition of Credit Suisse, reshaping the landscape of European banking.",
Internship Programme 2027,Standard Chartered,standard-chartered,https://jobs.standardchartered.com/search/?utm_source=Trackr&utm_medium=tracker&utm_campaign=UK_Finance_2027&q=%22intern+uk+2027%22&skillsSearch=false&facetFilters=%7B%7D&pageNumber=0,UK,Middle Market,2026-08-17,2026-12-31,Online Test,True,True,False,"Standard Chartered is a British multinational bank with a strong emerging markets focus, operating across Asia, Africa, and the Middle East. Headquartered in London with major operations in Singapore and Hong Kong, the bank offers retail, corporate, and institutional banking services, as well as wealth and trade finance. It is particularly active in cross-border transactions, infrastructure finance, and sustainable finance in high-growth markets. Standard Chartered positions itself as a bridge between developed and developing economies, with a growing emphasis on fintech partnerships, digital platforms, and ESG-aligned lending across its global network.",
Investment Banking Summer 2027 Analyst,William Blair,william-blair,https://www.williamblair.com/Careers/job-description?utm_source=Trackr&utm_medium=tracker&utm_campaign=UK_Finance_2027&gh_jid=5221129007&gh_src=Trackr,UK,Middle Market,2026-09-01,2026-10-02,HireVue,True,True,False,"William Blair is a global investment banking and asset management firm headquartered in Chicago, with offices in North America, Europe, and Asia. The firm offers advisory services in mergers and acquisitions, equity and debt capital markets, and private capital raising, particularly for mid-market and high-growth companies. William Blair also provides active investment management across equities, fixed income, and multi-asset strategies for institutions, intermediaries, and individuals. The firm is known for its research-driven approach, sector-focused teams, and client-first culture. In banking, it is especially active in healthcare, technology, and industrials, often working with private equity sponsors and founder-led businesses.",
2027 Quant Trading Intern,Da Vinci Trading,da-vinci-trading,https://grnh.se/crd9x232teu?utm_source=Trackr&utm_medium=tracker&utm_campaign=UK_Finance_2027,UK,Trading and Quant,2026-07-13,,Unknown,True,True,True,"Da Vinci Trading is a proprietary trading firm based in Amsterdam, specialising in market making and high-frequency trading. The firm operates in electronic markets across asset classes, using technology-driven strategies to provide liquidity and execute trades at scale. Founded by former traders from major financial institutions, Da Vinci combines quantitative research with in-house systems development. It maintains a flat structure and meritocratic culture, with a focus on innovation and performance in fast-moving markets.","If you applied in January, re-apply now"
Private Equity Summer Internship 2027,Atlas Holdings,atlas-holdings,https://apptrkr.io/atlas-holdings/atlas-holdings-summer-internship-campaign-2027?utm_source=Trackr&utm_medium=tracker&utm_campaign=UK_Finance_2027,UK,Buy-Side,2026-08-03,2026-09-14,First Round,True,True,False,"Atlas Holdings is a private equity firm that focuses on acquiring and operating industrial businesses across a wide range of sectors. Founded in 2002 and based in Greenwich, the firm specializes in complex corporate divestitures and underperforming companies that require operational improvement. Atlas Holdings manages a diverse portfolio of manufacturing and distribution businesses, emphasizing long term value creation through hands on management. It works closely with existing management teams to strengthen financial performance and operational efficiency while maintaining a stable workforce.",
Campus Quantitative Trader (Intern),Jump Trading,jump-trading,https://job-boards.greenhouse.io/embed/job_board?for=jumptrading&offices%5B%5D=58179&offices%5B%5D=2448&keyword=quantitative+intern&utm_source=Trackr&utm_medium=tracker&utm_campaign=UK_Finance_2027&gh_src=Trackr,UK,Trading and Quant,2026-07-13,,Unknown,True,True,False,"Jump Trading is a proprietary trading firm and technology company based in Chicago, known for its expertise in algorithmic and high-frequency trading across global financial markets. Founded in 1999, the firm trades a broad range of asset classes including equities, fixed income, futures, options, and cryptocurrencies, operating on over 100 exchanges worldwide. Jump places a strong emphasis on quantitative research, advanced hardware and software development, and low-latency infrastructure, competing with firms such as DRW, Citadel Securities, and Jane Street. It is also involved in crypto through Jump Crypto, a dedicated division focused on trading, venture investments, and protocol development. The firm is privately held and secretive, known for its flat structure, highly selective hiring, and deep investment in proprietary technology and applied science.",
Women in Trading Insight Programme - 2027,GSA Capital,gsa-capital,https://job-boards.greenhouse.io/embed/job_app?for=gsacapital&token=8518528002&utm_source=Trackr&utm_medium=tracker&utm_campaign=UK_Finance_2027&gh_src=Trackr,UK,Trading and Quant,2026-05-27,,Unknown,True,True,False,"GSA Capital is a London-based quantitative trading firm that runs systematic strategies across global equity, futures, and FX markets. Originally formed in 2005 as a spinout from Deutsche Bank, the firm has since established itself as a low-profile but consistently high-performing player in the quant space. GSA focuses on exploiting short- to medium-term statistical patterns in large datasets, applying rigorous academic research, machine learning, and proprietary execution systems to gain a trading edge. The firm has also explored longer-horizon signals and fundamental data, expanding its portfolio of strategies while maintaining its data-first philosophy. With a culture built around research integrity and risk discipline, GSA hires selectively and fosters a collaborative environment geared towards solving complex market problems with mathematics and technology.",Open to second-year students
Quant Research Internship,G-Research,g-research,https://gresearch.wd103.myworkdayjobs.com/en-US/G-Research/job/Quant-Research-Internship_R3691?utm_source=Trackr&utm_medium=tracker&utm_campaign=UK_Finance_2027&source=Trackr,UK,Trading and Quant,2026-07-23,,Unknown,True,True,False,"G-Research is a leading quantitative research and technology firm based in London, focused on developing predictive models and algorithmic strategies for financial markets. Operating at the intersection of data science, artificial intelligence, and finance, G-Research employs researchers, software engineers, and quantitative analysts to explore massive datasets and build trading algorithms used by affiliated hedge funds. The firm is known for its academic culture, attracting top talent from mathematics, physics, and computer science backgrounds, and running competitive research challenges to find novel signals and statistical patterns. G-Research maintains a strong emphasis on privacy, infrastructure, and security due to the proprietary nature of its work. It also invests in cloud computing and low-latency systems to support real-time trading execution. Despite being low-profile externally, it is one of the most prominent quant research firms in Europe.",
Summer Intern - Investment Management,Franklin Templeton,franklin-templeton,https://franklintempleton.wd5.myworkdayjobs.com/en-US/Invitation-Only/details/UK-Summer-Intern---London---Investment-Management_869326?utm_source=Trackr&utm_medium=tracker&utm_campaign=UK_Finance_2027&source=Trackr&q=%22summer+intern%22&locationCountry=29247e57dbaf46fb855b224e03170bc7,UK,Asset Management,2026-08-23,2026-08-24,Unknown,True,True,False,"Franklin Templeton is a global investment management firm headquartered in California, managing over $1.5 trillion in assets across mutual funds, ETFs, alternatives, and institutional strategies. Founded in 1947, the firm has grown through organic development and a series of acquisitions, including Legg Mason, which significantly expanded its capabilities in fixed income and alternatives. Franklin Templeton serves clients in more than 150 countries and operates a decentralised structure with specialist investment teams such as ClearBridge, Brandywine Global, and Martin Currie. The firm offers strategies across equity, fixed income, private credit, infrastructure, and multi-asset portfolios, with a growing focus on ESG and impact investing. It is widely known for its global research footprint and commitment to active management, particularly in emerging markets.",
Quantitative Trading Analyst Intern,DRW,drw,https://grnh.se/q1m7aqng1us?utm_source=Trackr&utm_medium=tracker&utm_campaign=UK_Finance_2027,UK,Trading and Quant,2026-07-13,,Online Test,True,True,False,"DRW is a diversified proprietary trading firm headquartered in Chicago, operating at the intersection of trading, technology, and quantitative research. Founded in 1992, the firm trades across asset classes including fixed income, FX, equities, and digital assets, using both systematic and discretionary strategies. DRW also invests in financial market infrastructure and early-stage technologies through its venture arm. Known for its data-centric and collaborative culture, DRW has built a strong global presence in high-frequency and options trading.",
GIC Internship Programme 2027,GIC,gic,https://gic.careers/programmes/gic-internship-programme/?utm_source=Trackr&utm_medium=tracker&utm_campaign=UK_Finance_2027,UK,Buy-Side,2026-06-11,,First Round,True,True,False,"GIC is Singapore’s sovereign wealth fund, responsible for managing the city-state’s foreign reserves with a long-term, global investment mandate. Established in 1981, GIC invests across asset classes including public equities, fixed income, private equity, real estate, infrastructure, and venture capital. With a presence in key financial hubs including New York, London, San Francisco, Beijing, and São Paulo, GIC takes a highly diversified and research-driven approach, focusing on sustainable returns over decades. The firm is known for its disciplined portfolio construction, rigorous risk management, and strong in-house macroeconomic research. GIC is also a leading investor in technology and emerging markets, and has significantly increased its focus on sustainability, climate risk, and corporate governance as part of its investment strategy. It operates independently from the Singapore government but is ultimately accountable to the Ministry of Finance.",
Internship Programme 2027,Revolut,revolut,https://www.revolut.com/careers/position/internship-programme-2027-strategy-operations-manager-aa3cc201-5808-4d7e-ba8e-e82e443d90d3/?utm_source=Trackr&utm_medium=tracker&utm_campaign=UK_Finance_2027,UK,Miscellaneous,2026-05-29,,First Round,True,True,False,"Revolut is a UK-based fintech company offering digital banking, payments, foreign exchange, and personal finance services through a mobile-first platform. Founded in 2015, the company has expanded rapidly, serving tens of millions of users across Europe, North America, and Asia-Pacific. Its app provides features such as multi-currency accounts, crypto trading, budgeting tools, and business banking, targeting both individuals and SMEs. Revolut operates under a growing number of banking licences and continues to broaden its financial product suite as it positions itself as a global challenger bank. It is one of the most valuable fintechs in Europe and continues to push into new markets and verticals.",
Quant Research/Trading Internship - Summer 2027,Wincent,wincent,https://www.wincent.com/careers/quantitative-research-internship-quant-research-trading-starting-summer-2027/?utm_source=Trackr&utm_medium=tracker&utm_campaign=UK_Finance_2027&source=Trackr,UK,"Promoted,Trading and Quant",2026-06-15,,Unknown,True,True,False,"Wincent is a London-based private investment firm focused on long-term partnerships with high-growth businesses in Europe and beyond. The firm provides flexible capital solutions, often through minority investments, to founder-led or entrepreneur-driven companies across sectors including technology, consumer, healthcare, and business services. Wincent distinguishes itself by avoiding a rigid fund structure, enabling it to take a patient, collaborative approach without exit pressure. The firm typically supports its portfolio companies with strategic input, growth planning, and network access, while allowing management teams to retain operational control. It aims to align closely with founders' goals and business values over time.","Based in Slovakia, open to students in UK"
2027 Summer Analyst Program,Raine Group,raine-group,https://jobs.lever.co/raine/a8066f8c-2bc2-415b-9d04-70daf6b4edca?utm_source=Trackr&utm_medium=tracker&utm_campaign=UK_Finance_2027&lever-source=Trackr,UK,Elite Boutique,2026-08-24,,Unknown,True,True,True,"The Raine Group is a global merchant bank focused on technology, media, telecoms, and sports, offering M&A advisory, capital raising, and principal investing. Headquartered in New York, with offices in London, San Francisco, Mumbai, and Shanghai, the firm is known for advising on high-profile transactions involving digital content, gaming, and entertainment rights. Raine also operates growth equity funds that invest in sectors like esports, streaming platforms, and sports franchises. The firm has built a strong reputation for its access to founders, cultural relevance, and strategic execution in fast-evolving industries.",Final-year students only
2027 Global Corporate Banking Analyst Program - Summer Internship,J.P. Morgan,j-p-morgan,https://jpmc.fa.oraclecloud.com/hcmUI/CandidateExperience/en/sites/CX_1001/job/210775320/?utm_source=Trackr&utm_medium=tracker&utm_campaign=UK_Finance_2027&iis=Trackr&sType=Trackr,UK,Bulge Bracket,2026-08-31,,HireVue,True,True,True,"J.P. Morgan is the investment banking and wealth management arm of JPMorgan Chase & Co., one of the largest and most influential financial institutions globally. Headquartered in New York, the firm offers services across investment banking, commercial banking, asset and wealth management, and treasury and securities services. It is a market leader in M&A advisory, capital markets, trading, and research, serving corporate clients, financial sponsors, and governments worldwide. J.P. Morgan has a long history of innovation in financial services and is known for its global reach, balance sheet strength, and ability to execute complex, cross-border transactions. The firm plays a central role in capital allocation across public and private markets and continues to invest heavily in technology, digital banking, and sustainability initiatives. With a strong presence in London and across EMEA, it is a key player in European finance as well as global capital markets.",
2027 Summer Internship Programme,Rothesay,rothesay,https://job-boards.greenhouse.io/rothesaygraduates/jobs/8784142002?utm_source=Trackr&utm_medium=tracker&utm_campaign=UK_Finance_2027&gh_src=Trackr,UK,Pensions and Insurance,2026-09-04,2026-11-08,Unknown,True,True,True,"Rothesay is a UK-based specialist insurer focused on securing pension liabilities through buy-ins, buyouts, and longevity swaps. Founded in 2007, it manages over £60 billion in assets and provides long-term security for millions of pension scheme members. Rothesay operates as a leading player in the de-risking market, helping corporate pension trustees transfer defined benefit obligations off balance sheet. It is known for its strong actuarial expertise, robust risk management, and focus on long-term financial resilience. The firm invests its capital across a broad portfolio of high-quality, low-risk fixed income and real assets to meet future liabilities.",
"Student Analyst – Investment Technology, Real Estate (Part-time)",Patrizia,patrizia,https://patrizia.wd502.myworkdayjobs.com/en-US/PATRIZIA/job/Student-Analyst---Investment-Technology---Real-Estate--Part-time--m-f-d-_R2409?utm_source=Trackr&utm_medium=tracker&utm_campaign=UK_Finance_2027&source=Trackr,UK,Buy-Side,2026-08-12,2026-08-13,Unknown,True,True,False,"Patrizia is a global investment manager focused on real assets and infrastructure, headquartered in Augsburg, Germany. Founded in 1984, the firm manages assets for a diverse range of institutional and private clients including pension funds, insurance companies, and sovereign wealth funds. It specializes in the European real estate market but has expanded its reach to include infrastructure investments across the globe. Patrizia combines local market expertise with a long term investment approach to deliver sustainable value through both equity and debt strategies.",Part-time alongside university
Quantitative Trading Intern Summer 2027,Jane Street,jane-street,https://www.janestreet.com/join-jane-street/open-roles/?utm_source=Trackr&utm_medium=tracker&utm_campaign=UK_Finance_2027&type=internship&location=london,UK,Trading and Quant,2026-08-03,,Unknown,True,True,False,"Jane Street is a global proprietary trading firm and liquidity provider known for its expertise in quantitative trading, technology development, and financial engineering. Headquartered in New York with offices in London, Hong Kong, and Amsterdam, the firm trades a wide array of asset classes—including equities, ETFs, options, fixed income, and crypto—across both traditional and electronic markets. Jane Street combines rigorous mathematical research with cutting-edge software development, operating in a highly collaborative, flat organisational structure. It is a major player in ETF market making and provides liquidity to markets around the clock, contributing to efficiency and price discovery. The firm is known for its analytical culture, competitive hiring process, and deep investment in proprietary systems and infrastructure. Jane Street remains privately held and low-profile, but plays an outsized role in global financial markets, particularly in electronic and algorithmic trading.",
Quant Trading Internship - Summer 2027,Chicago Trading Company,chicago-trading-company,https://job-boards.greenhouse.io/ctccampusboard/jobs/4709545005?utm_source=Trackr&utm_medium=tracker&utm_campaign=UK_Finance_2027&gh_src=Trackr,UK,Trading and Quant,2026-07-22,,Unknown,True,True,False,"Chicago Trading Company is a proprietary trading firm specialising in derivatives across equities, interest rates, and commodities. Founded in 1995 and based in Chicago, CTC combines quantitative research, risk management, and technology to trade options and other financial instruments. The firm does not manage outside capital and trades its own funds across global markets. Known for its collaborative culture and strong engineering focus, CTC is a major participant in electronic and listed derivatives markets.",
Spring into Quant Finance 2027,G-Research,g-research,https://share-eu1.hsforms.com/1zMPdeUlqRmmsRkIiUE4NjA2b8apt?utm_campaign=UK_Finance_2027&utm_medium=tracker&_hsenc=p2ANqtz-8iWEGAPAUjzPg5jVL34pblrdMJ8LFNgLjyRRV4tTDHSvKks4MXvQsE3yiK-R3cS6BRanmEE34oGkCc2EMW_LOxVcV59g&_hsmi=144698052&utm_content=144698052&utm_source=Trackr,UK,Trading and Quant,2026-09-01,,Unknown,True,True,False,"G-Research is a leading quantitative research and technology firm based in London, focused on developing predictive models and algorithmic strategies for financial markets. Operating at the intersection of data science, artificial intelligence, and finance, G-Research employs researchers, software engineers, and quantitative analysts to explore massive datasets and build trading algorithms used by affiliated hedge funds. The firm is known for its academic culture, attracting top talent from mathematics, physics, and computer science backgrounds, and running competitive research challenges to find novel signals and statistical patterns. G-Research maintains a strong emphasis on privacy, infrastructure, and security due to the proprietary nature of its work. It also invests in cloud computing and low-latency systems to support real-time trading execution. Despite being low-profile externally, it is one of the most prominent quant research firms in Europe.",
2027 Summer Analyst Programme,Goldman Sachs,goldman-sachs,https://higher.gs.com/campus?EXPERIENCE_LEVEL=Summer+Analyst&LOCATION=Birmingham%7CLondon&page=1&sort=RELEVANCE&utm_source=Trackr&utm_medium=tracker&utm_campaign=UK_Finance_2027,UK,Bulge Bracket,2026-08-15,,Unknown,True,True,True,"Goldman Sachs is one of the world’s most prestigious investment banks and financial institutions, offering a wide range of services in investment banking, asset management, global markets, consumer banking, and wealth management. Founded in 1869 and headquartered in New York, the firm serves corporations, financial institutions, governments, and individuals globally. Goldman is widely regarded for its M&A advisory, equity and debt underwriting, and institutional trading, and has been involved in many of the largest and most complex financial transactions in history. It also operates Marcus, its consumer banking platform, and has expanded into transaction banking and alternative investments. Known for its elite talent, risk culture, and thought leadership, Goldman Sachs is also increasingly focused on sustainability, digital finance, and private capital markets. It plays a key role in shaping financial innovation and global capital flows.",
"Corporate Banking, Summer Analyst, 2027",Citi,citi,https://citi.wd5.myworkdayjobs.com/en-US/2/job/Banking--Corporate-Banking--Summer-Analyst--London---United-Kingdom--2027_26991689?utm_source=Trackr&utm_medium=tracker&utm_campaign=UK_Finance_2027&source=Trackr,UK,Bulge Bracket,2026-09-04,,Unknown,False,False,False,"Citi (Citigroup Inc.) is a global banking group headquartered in New York, offering a wide range of financial services including consumer banking, corporate lending, wealth management, and investment banking. With operations in over 90 countries, Citi serves governments, corporations, institutions, and individuals worldwide. Its Institutional Clients Group handles global markets, treasury, and advisory services, while its retail banking and cards business is a major player in the US and international consumer finance markets. Citi is also a significant issuer of global bonds and structured finance products.",
2027 Summer Internship,Greenhill,greenhill,https://pod2.app.loxo.co/job/MzgwNDIteDQzM2RvbDUwdXQxcjQyNQ==?utm_source=Trackr&utm_medium=tracker&utm_campaign=UK_Finance_2027,UK,Elite Boutique,2026-08-31,,Unknown,True,True,False,"Greenhill is an independent investment bank focused on M&A, restructuring, and capital advisory services for corporations, financial sponsors, and governments. Founded in 1996 and headquartered in New York, the firm operates globally with offices in North America, Europe, Asia, and Latin America. Greenhill is known for its conflict-free model, avoiding lending or trading activities to offer clients fully independent strategic advice. It has advised on a wide range of high-profile transactions across sectors including financial services, healthcare, infrastructure, and consumer goods. The firm also maintains a strong presence in restructuring advisory, including both creditor and debtor-side mandates. Greenhill’s lean structure and senior-led execution model appeal to clients seeking discretion and deep expertise. In 2023, it was acquired by Mizuho Financial Group, enabling it to maintain independence while gaining greater access to global capital markets.",
2027 Summer Analyst,Blackstone,blackstone,https://blackstone.wd1.myworkdayjobs.com/en-US/Blackstone_Campus_Careers?utm_source=Trackr&utm_medium=tracker&utm_campaign=UK_Finance_2027&source=Trackr&q=2027+summer&locations=ef375a2335bb019369c586065e1f3d2b,UK,Buy-Side,2026-06-15,2026-10-30,First Round,True,True,False,"Blackstone is one of the world’s leading investment firms, specialising in private equity, real estate, credit, and infrastructure. Founded in 1985 and based in New York, the firm manages capital on behalf of pension funds, sovereign wealth funds, and individual investors. Blackstone is known for its scale, global reach, and ability to take large, complex positions across industries. It combines deep operational support with financial engineering and has a track record of building value in both private and public market investments.",
2027 Global Private Bank - Investment Solutions Summer Internship,J.P. Morgan,j-p-morgan,https://jpmc.fa.oraclecloud.com/hcmUI/CandidateExperience/en/sites/CX_1001/job/210774281/?utm_source=Trackr&utm_medium=tracker&utm_campaign=UK_Finance_2027&iis=Trackr&sType=Trackr,UK,Bulge Bracket,2026-08-31,,HireVue,False,False,False,"J.P. Morgan is the investment banking and wealth management arm of JPMorgan Chase & Co., one of the largest and most influential financial institutions globally. Headquartered in New York, the firm offers services across investment banking, commercial banking, asset and wealth management, and treasury and securities services. It is a market leader in M&A advisory, capital markets, trading, and research, serving corporate clients, financial sponsors, and governments worldwide. J.P. Morgan has a long history of innovation in financial services and is known for its global reach, balance sheet strength, and ability to execute complex, cross-border transactions. The firm plays a central role in capital allocation across public and private markets and continues to invest heavily in technology, digital banking, and sustainability initiatives. With a strong presence in London and across EMEA, it is a key player in European finance as well as global capital markets.",
Summer 2027 Equity Research Associate Intern,Fidelity Investments,fidelity,https://wd1.myworkdaysite.com/recruiting/fmr/targeted/job/london-great-britain/summer-2027-equity-research-associate-intern---london_2129754?utm_source=Trackr&utm_medium=tracker&utm_campaign=UK_Finance_2027,UK,Asset Management,2026-06-01,2026-06-02,Unknown,True,True,False,"Fidelity Investments is one of the world’s largest asset managers and financial services providers, offering investment management, retirement services, brokerage, and financial planning to individuals, institutions, and advisors. Founded in 1946 and headquartered in Boston, Fidelity manages trillions in client assets across mutual funds, ETFs, and separately managed accounts. The firm is also a major custodian for registered investment advisers (RIAs) and operates one of the largest retail brokerage platforms in the US. Fidelity is known for its strong research capability, investor education tools, and a client-first culture that blends innovation with scale. It has been an early adopter of digital trends including zero-commission trading, fractional shares, and crypto access, while also investing heavily in AI and cloud infrastructure. Fidelity continues to be a dominant force in both institutional and retail investing, driven by long-term thinking and deep operational capacity.",
Quant Research Intern - 2027,Marshall Wace,marshall-wace,https://job-boards.greenhouse.io/mwinternshipprogram/jobs/8772688002?utm_source=Trackr&utm_medium=tracker&utm_campaign=UK_Finance_2027&gh_src=Trackr,UK,Trading and Quant,2026-09-02,,Unknown,True,True,False,"Marshall Wace is a London-based hedge fund and one of Europe’s largest alternative asset managers, specialising in long/short equity strategies and systematic investing. The firm manages over $60 billion across a range of strategies including its flagship TOPS (Trade Optimised Portfolio System), which aggregates fundamental insights from a network of external managers. Marshall Wace is known for its innovation in data science, quantitative finance, and portfolio construction, and has a global presence with offices in London, New York, and Hong Kong. The firm maintains a flexible, performance-driven culture and is selective in capital allocation, often focusing on scalable, repeatable sources of alpha with strong risk controls.",
2027 Summer Analyst Programme,Rothschild & Co.,rothschild-co,https://rothschildandco.tal.net/vx/lang-en-GB/mobile-0/appcentre-ext/brand-4/xf-d1e4b70a3b97/candidate/jobboard/vacancy/2/adv/?utm_source=Trackr&utm_medium=tracker&utm_campaign=UK_Finance_2027&f_Item_Opportunity_78763_lk=523763&f_Item_Opportunity_132775_lk=519868&f_Item_Opportunity_60426_lk=520148,UK,Elite Boutique,2026-08-19,2026-09-27,Online Test,True,True,False,"Rothschild & Co. is a multinational financial advisory group with deep roots in European banking, offering services in M&A, wealth management, and asset management. Headquartered in Paris and London, the firm is especially renowned for its independent M&A advisory, supporting corporates, governments, and institutions on high-profile, often cross-border, transactions. It also advises families and entrepreneurs through its private wealth arm and manages funds for institutional clients. Known for discretion, relationship depth, and long-term perspective, Rothschild & Co. operates with a global footprint while preserving a culture of stability and trust rooted in its family heritage.",
Finance Intern 2027,Accuracy,accuracy,https://app-accuracy.bc.direct/recruitment/career/5ee62d016b800f0fc8e70d1c/6a905afb6734cf4a41487373?utm_source=Trackr&utm_medium=tracker&utm_campaign=UK_Finance_2027,UK,Consulting,2026-08-28,,Unknown,True,True,False,"Accuracy is an independent international advisory firm founded in Paris in 2004. The company supports corporate leaders and investors with strategic guidance and expert analysis on high-stakes matters including transactions, valuations, restructuring, disputes, crises, and performance strategy. With around 80 partners and approximately 750 staff across 17 offices worldwide, Accuracy is recognized for its conflict-free, multidisciplinary approach and commitment to objectivity and tailored solutions.",
"Sales and Trading, Summer Analyst, 2027",Citi,citi,https://citi.wd5.myworkdayjobs.com/en-US/2/job/Markets---Sales-and-Trading--Summer-Analyst--London---United-Kingdom--2027_26987141?utm_source=Trackr&utm_medium=tracker&utm_campaign=UK_Finance_2027&source=Trackr,UK,Bulge Bracket,2026-09-01,,Unknown,True,True,False,"Citi (Citigroup Inc.) is a global banking group headquartered in New York, offering a wide range of financial services including consumer banking, corporate lending, wealth management, and investment banking. With operations in over 90 countries, Citi serves governments, corporations, institutions, and individuals worldwide. Its Institutional Clients Group handles global markets, treasury, and advisory services, while its retail banking and cards business is a major player in the US and international consumer finance markets. Citi is also a significant issuer of global bonds and structured finance products.",
Quantitative Trading Internship: Summer 2027,Susquehanna International Group,susquehanna-international-group,https://careers.sig.com/jobs?page=1&categories=Interns+%2B+Co-ops%7CStudent+Discovery+Program&limit=100&locations=Dublin%2C%2CIreland%7CLondon%2C%2CUnited+Kingdom&utm_source=Trackr&utm_medium=tracker&utm_campaign=UK_Finance_2027,UK,Trading and Quant,2026-07-15,,Unknown,True,True,False,"Susquehanna International Group is a global quantitative trading and technology firm based in the US, known for market making, proprietary trading, and quantitative research. The firm trades across asset classes including equities, options, ETFs, and fixed income, using mathematical models and high-frequency trading infrastructure. SIG is also a significant investor in venture capital through Susquehanna Growth Equity. With offices in the US, Europe, and Asia, the firm is noted for its strong internal training programs, flat structure, and heavy emphasis on probability, decision-making, and applied game theory.",
Quantitative Researcher Internship,Xantium,xantium,https://job-boards.greenhouse.io/xantium/jobs/4371217009?utm_source=Trackr&utm_medium=tracker&utm_campaign=UK_Finance_2027&gh_src=Trackr,UK,Trading and Quant,2026-08-18,,Unknown,True,True,False,"Xantium is a global multi-strategy investment team that combines quantitative research, software engineering, and trading expertise to generate consistent, repeatable returns. Operating as part of the Tudor Group, Xantium leverages sophisticated data, technology, and agile processes across its London and New York hubs (with additional presence in Stamford, Paris, Singapore, and Sydney) to navigate complex markets efficiently.",
2027 Global Investment Banking Analyst Program - Summer Internship,J.P. Morgan,j-p-morgan,https://jpmc.fa.oraclecloud.com/hcmUI/CandidateExperience/en/sites/CX_1001/job/210775710/?utm_source=Trackr&utm_medium=tracker&utm_campaign=UK_Finance_2027&iis=Trackr&sType=Trackr,UK,Bulge Bracket,2026-08-31,,HireVue,False,False,False,"J.P. Morgan is the investment banking and wealth management arm of JPMorgan Chase & Co., one of the largest and most influential financial institutions globally. Headquartered in New York, the firm offers services across investment banking, commercial banking, asset and wealth management, and treasury and securities services. It is a market leader in M&A advisory, capital markets, trading, and research, serving corporate clients, financial sponsors, and governments worldwide. J.P. Morgan has a long history of innovation in financial services and is known for its global reach, balance sheet strength, and ability to execute complex, cross-border transactions. The firm plays a central role in capital allocation across public and private markets and continues to invest heavily in technology, digital banking, and sustainability initiatives. With a strong presence in London and across EMEA, it is a key player in European finance as well as global capital markets.",
Summer Internship Programme 2027,Barclays,barclays,https://barclays.wd3.myworkdayjobs.com/External_Career_Site_Barclays?workerSubType=6139d325cdcc1001a72ceb63d5d60001&locations=1ab48a98eb7c1001633eb0711e740000&utm_source=Trackr&utm_medium=tracker&utm_campaign=UK_Finance_2027&source=Trackr&acm=8736272&alrpm=ALL&ascf=%5B%7B%22key%22%3A%22custom_fields.MultiValueField3%22%2C%22value%22%3A%22Internships+Investment+Banking%22%7D%5D,UK,Bulge Bracket,2026-08-20,,Unknown,True,True,False,"Barclays is a British multinational bank offering retail, corporate, and investment banking services across the UK and globally. With roots dating back to 1690, it has played a central role in the evolution of modern banking. Headquartered in London, the firm is a major player in global capital markets, advising on M&A, underwriting debt and equity, and providing financing solutions. Its retail and commercial divisions serve millions of customers, while its investment bank operates across Europe, the Americas, Asia, and the Middle East.",
Summer Internship 2027,Oliver Wyman,oliver-wyman,https://careers.marsh.com/global/en/job/R_363389/Oliver-Wyman-Summer-Internship-2027-London?utm_source=Trackr&utm_medium=tracker&utm_campaign=UK_Finance_2027,UK,Consulting,2026-09-04,,Unknown,False,True,True,"Oliver Wyman is a global management consultancy known for its work in strategy, risk management, and transformation across a wide range of industries. Headquartered in New York and part of Marsh McLennan, the firm operates in over 30 countries and serves clients in financial services, healthcare, automotive, retail, energy, and the public sector. Oliver Wyman combines analytical rigour with industry-specific expertise and has a strong presence in areas such as financial regulation, climate risk, operational resilience, and digital transformation. It is also highly active in advising central banks, fintechs, insurers, and institutional investors on market structure, competition, and strategic positioning. The firm is noted for its fast-paced environment and data-driven approach to complex business problems.",
"2027 Summer Analyst, Investment Banking",Moelis & Co,moelis-co,https://moelis-careers.tal.net/vx/lang-en-GB/mobile-0/appcentre-1/brand-4/xf-36ff0d3487ce/candidate/so/pm/1/pl/2/opp/391-2027-Summer-Analyst-Investment-Banking-London/en-GB?utm_source=Trackr&utm_medium=tracker&utm_campaign=UK_Finance_2027,UK,Elite Boutique,2026-08-18,2026-09-25,First Round,True,True,False,"Moelis & Company is a global independent investment bank that provides M&A, restructuring, capital markets, and strategic advisory services to clients across sectors and geographies. Headquartered in New York, the firm operates through a network of offices in major financial centres, advising corporates, financial sponsors, and governments on high-stakes transactions. Moelis is particularly active in cross-border M&A, private capital markets, and special situations, with a strong presence in healthcare, technology, consumer, and industrials. The firm is known for its conflict-free model, senior-led execution, and strong culture of client advocacy, often competing directly with larger full-service banks on marquee deals.",
IDI Summer 2027 Internship,Man Group,man-group,https://job-boards.eu.greenhouse.io/mangroup/jobs/4969143101?utm_source=Trackr&utm_medium=tracker&utm_campaign=UK_Finance_2027&gh_src=Trackr,UK,Trading and Quant,2026-09-04,2026-09-30,Unknown,True,True,True,"Man Group is a London-based active investment management firm with a global footprint, managing over $140 billion across strategies including hedge funds, long-only, and private markets. The firm operates through multiple investment engines—such as AHL, GLG, Numeric, and Man Global Private Markets—each with distinct styles, from quantitative and systematic to discretionary and fundamental. Man is especially recognised for its strength in data-driven strategies, risk management, and ESG integration, supported by in-house research and technology platforms. As a publicly listed asset manager, Man Group combines institutional scale with a multi-boutique model, offering customised solutions to pension funds, endowments, and wealth managers globally.",
Summer 2027 Analyst Programme,Bank of America,bank-of-america,https://bankcampuscareers.tal.net/vx/lang-en-GB/mobile-0/brand-4/user-5276490/xf-da9741071fe5/candidate/jobboard/vacancy/1/adv/?utm_source=Trackr&utm_medium=tracker&utm_campaign=UK_Finance_2027&f_Item_Opportunity_17838_lk=1822&f_Item_Opportunity_60426_lk=520149,UK,Bulge Bracket,2026-08-03,2026-10-11,HireVue,True,True,False,"Bank of America is one of the largest financial institutions in the world, offering banking, investment, and wealth management services to individuals, businesses, and governments. Headquartered in Charlotte, North Carolina, the bank operates across more than 35 countries and serves tens of millions of clients globally. It has a significant presence in consumer banking, corporate and investment banking, and asset management through its Merrill and Private Bank brands. Bank of America plays a central role in US capital markets and is consistently ranked among the world’s systemically important financial institutions.",
Summer Analyst Internship Programme (Summer 2027),Castleton Commodities International,castleton-commodities-international,https://osv-cci.wd1.myworkdayjobs.com/en-US/CCICareers/job/Commodities-Trading-Summer-Analyst-Internship-Programme--Summer-2027-_R1335-1?utm_source=Trackr&utm_medium=tracker&utm_campaign=UK_Finance_2027&source=Trackr,UK,Trading and Quant,2026-07-21,,HireVue,True,True,False,"Castleton Commodities International (CCI) is a global trading and investment firm focused on energy and commodities markets. Headquartered in Stamford, Connecticut, CCI trades physical and financial products across oil, natural gas, power, and metals. The firm also owns and operates energy infrastructure, including storage, transportation, and processing assets. CCI blends proprietary trading with strategic asset investment, and is known for its expertise in market fundamentals, logistics, and supply chain optimisation.",
Quantitative Reseacher - Intern,GSA Capital,gsa-capital,https://job-boards.greenhouse.io/embed/job_app?for=gsacapital&token=8570661002&utm_source=Trackr&utm_medium=tracker&utm_campaign=UK_Finance_2027&gh_src=Trackr,UK,Trading and Quant,2026-07-02,,Unknown,True,True,False,"GSA Capital is a London-based quantitative trading firm that runs systematic strategies across global equity, futures, and FX markets. Originally formed in 2005 as a spinout from Deutsche Bank, the firm has since established itself as a low-profile but consistently high-performing player in the quant space. GSA focuses on exploiting short- to medium-term statistical patterns in large datasets, applying rigorous academic research, machine learning, and proprietary execution systems to gain a trading edge. The firm has also explored longer-horizon signals and fundamental data, expanding its portfolio of strategies while maintaining its data-first philosophy. With a culture built around research integrity and risk discipline, GSA hires selectively and fosters a collaborative environment geared towards solving complex market problems with mathematics and technology.",
Debt Advisory Summer Internship (2027),Evercore,evercore,https://jobs.smartrecruiters.com/Wiser/744000146672822-debt-advisory-summer-internship-2027-evercore?utm_source=Trackr&utm_medium=tracker&utm_campaign=UK_Finance_2027&trid=Trackr&dcr_ci=Trackr,UK,Elite Boutique,2026-09-01,,First Round,True,True,False,"Evercore is a premier global independent investment banking advisory firm, known for advising on complex M&A, capital markets, restructuring, and strategic transactions. Headquartered in New York and founded in 1995, Evercore operates across major financial centres in the Americas, Europe, and Asia. The firm is consistently ranked among the top M&A advisers globally, having advised on some of the largest and most transformative deals in recent decades. Evercore focuses exclusively on advisory—without lending or trading conflicts—positioning itself as a trusted, conflict-free partner to boards, CEOs, and private equity sponsors. The firm also provides institutional equity research and sells insights through its equities division. Known for its talent density, discretion, and analytical rigour, Evercore competes with top-tier Wall Street banks while maintaining an independent, client-focused culture.",
2027 Summer Internship Programme,Fenchurch Advisory,fenchurch-advisory,https://apptrkr.io/fenchurch-advisory/fenchurch-advisory-2026-2027/fenchurch-2027-summer-internship-programme-uk?utm_source=Trackr&utm_medium=tracker&utm_campaign=UK_Finance_2027,UK,Middle Market,2026-08-31,,Unknown,True,True,False,"Fenchurch Advisory Partners is a London-based independent investment bank focused exclusively on the financial services sector. Founded in 2004, the firm provides M&A, capital raising, and strategic advice to clients across insurance, asset management, fintech, specialty lending, and banking. Fenchurch operates at the top end of the market in terms of deal quality and senior client engagement, often advising on large, complex, and high-profile transactions. The firm has built a reputation for deep sector expertise, rigorous valuation work, and conflict-free advisory, serving both corporate clients and private equity sponsors. It is particularly active in the insurance market, where it has advised on numerous broker consolidations, reinsurer transactions, and capital solutions. Fenchurch is widely respected for its discretion and integrity, and regularly competes with bulge-bracket firms on key mandates in UK and European financial services.",
Strategy Analyst Summer Internship,Capital One,capital-one,https://capitalone.wd12.myworkdayjobs.com/en-US/Capital_One/job/Strategy-Analyst-Summer-Internship_R999268?utm_source=Trackr&utm_medium=tracker&utm_campaign=UK_Finance_2027&source=Trackr,UK,Miscellaneous,2026-08-27,2026-09-07,HireVue,True,True,False,"Capital One is a US-based financial services company offering credit cards, retail banking, auto loans, and commercial lending. Headquartered in McLean, Virginia, it is one of the largest banks in the United States by assets and a major player in the credit card market. Founded in 1994, Capital One is known for its strong technology orientation and early adoption of digital banking. The firm serves both consumers and businesses, and has invested heavily in data, AI, and cybersecurity to modernise financial services delivery.",
FIG Summer Intern,Alantra,alantra,https://alantra.wd3.myworkdayjobs.com/en-US/Alantra/job/FIG-Summer-Internship--London--UK-_JR489-1?utm_source=Trackr&utm_medium=tracker&utm_campaign=UK_Finance_2027&source=Trackr,UK,Middle Market,2026-09-02,2026-09-16,Unknown,True,True,False,"Alantra is a global financial services firm offering investment banking and asset management with a focus on mid-market companies. Originally founded in Spain, it has expanded through strategic mergers and now operates in over 20 countries. Alantra advises on M&A and capital markets transactions and manages investment funds across private equity, credit, and real assets.",
2027 - Investment Banking - Client Financing Solutions - Summer Internship,Nomura,nomura,https://nomuracampus.tal.net/vx/lang-en-GB/mobile-0/appcentre-1/brand-4/user-598163/xf-1181ef381c7b/candidate/so/pm/1/pl/1/opp/1426-2027-Investment-Banking-Client-Financing-Solutions-Summer-Internship-London/en-GB?utm_source=Trackr&utm_medium=tracker&utm_campaign=UK_Finance_2027,UK,Middle Market,2026-08-31,,Online Test,True,True,False,"Nomura is a Japanese multinational financial services group headquartered in Tokyo, with operations in investment banking, asset management, and retail brokerage. The firm serves corporates, governments, and institutional clients globally, offering advisory, capital markets, and trading services. Nomura is a market leader in Asia and maintains a growing presence in EMEA and the Americas, with particular strengths in structured finance, macro trading, and cross-border dealmaking. It also provides a wide range of public and private market investment strategies through Nomura Asset Management. The firm blends domestic scale with international ambition, and is actively investing in digital platforms and sustainability-led finance.",
Trading Intern - Summer 2027,DV Trading,dv-trading,https://job-boards.greenhouse.io/dvtrading/jobs/4719135005?utm_source=Trackr&utm_medium=tracker&utm_campaign=UK_Finance_2027&gh_src=Trackr,UK,Trading and Quant,2026-08-12,,Unknown,True,True,False,"DV Trading is a multi-asset proprietary trading firm headquartered in Chicago, with additional offices in Toronto, London, and Singapore. The firm trades in global futures, options, fixed income, FX, and equities using a mix of quantitative models and discretionary execution. It supports its traders with in-house risk systems, technology infrastructure, and proprietary research tools. DV Trading is known for its agility, flat structure, and strong track record in volatile and fragmented markets, including energy and interest rate derivatives.",
Quantitative Research Internship,iSAM,isam,https://job-boards.eu.greenhouse.io/isam/jobs/4949792101?utm_source=Trackr&utm_medium=tracker&utm_campaign=UK_Finance_2027&gh_src=Trackr,UK,Trading and Quant,2026-08-18,,Unknown,True,True,False,"iSAM is a systematic hedge fund and quantitative investment manager that utilizes advanced research and technology to trade across global liquid markets. Founded in 2008 and based in London, the firm specializes in trend following and multi-strategy approaches driven by algorithmic execution. It manages assets for institutional investors and leverages sophisticated data analysis to identify alpha opportunities in diverse asset classes. iSAM is recognized for its commitment to scientific rigor and proprietary infrastructure, focusing on automated strategies that operate with minimal human intervention.",Required PhD
2027 Summer Intern - Product Analyst,PIMCO,pimco,https://pimco.wd1.myworkdayjobs.com/en-US/pimco-careers/jobs?utm_source=Trackr&utm_medium=tracker&utm_campaign=UK_Finance_2027&source=Trackr&jobFamilies=b27adc21fb8410010c147bdeecc60000&locationCountry=29247e57dbaf46fb855b224e03170bc7,UK,Asset Management,2026-08-31,,Unknown,True,True,False,"PIMCO (Pacific Investment Management Company) is one of the world’s leading fixed income investment managers, overseeing over $2 trillion in assets for institutions, governments, and individuals globally. Headquartered in Newport Beach, California, the firm offers a wide range of bond strategies, including core fixed income, credit, emerging markets debt, and alternative income. PIMCO is known for its macroeconomic research, active management style, and risk-controlled portfolios. It also operates in real estate, private credit, and ESG-integrated strategies. A subsidiary of Allianz, PIMCO plays a central role in global bond markets and has a strong presence in both public and private asset classes.",
EMEA Commercial Real Estate Summer Analyst,Wells Fargo,wells-fargo,https://wd1.myworkdaysite.com/en-US/recruiting/wf/WellsFargoJobs/job/EMEA-Commercial-Real-Estate-Analyst_R-571086-1?utm_source=Trackr&utm_medium=tracker&utm_campaign=UK_Finance_2027,UK,Middle Market,2026-08-26,2026-10-31,Unknown,True,True,False,"Wells Fargo is one of the largest financial institutions in the world, with more than $2.1 trillion in assets and over 200,000 employees globally. Within Corporate & Investment Banking, the firm serves approximately 15,000 clients and lends to 70% of the S&P 500, helping companies raise capital, finance growth, manage risk and execute strategic transactions.

The business has built significant momentum in recent years. Between 2019 and 2025, Banking revenue increased by 35%, Markets revenue grew by 48%, and Commercial Real Estate revenue rose by 28%. The firm has also climbed league tables across investment banking, markets and commercial real estate, establishing itself as one of the strongest growth stories on Wall Street.

For students interested in financial services, Wells Fargo offers exposure to a franchise that combines scale, capital strength and an expanding market presence. Analysts work alongside teams advising on major acquisitions, capital raises, financing transactions and risk management solutions for some of the world's largest companies and investors.",
Millennium Investment Internship 2027,Millennium Management,millennium-management,https://campusjobs.mlp.com/careers/job/755954628841?utm_source=Trackr&utm_medium=tracker&utm_campaign=UK_Finance_2027&microsite=campus-site,UK,Buy-Side,2026-02-26,2026-03-24,Offers Out,True,True,False,"Millennium Management is a global multi-manager hedge fund founded in 1989, operating a platform of independent investment teams across asset classes and geographies. Headquartered in New York, the firm manages over $60 billion in assets and allocates capital to hundreds of portfolio managers running diverse, often uncorrelated strategies. Millennium is known for its robust risk management, proprietary infrastructure, and intense focus on performance and discipline. The firm operates offices across the US, Europe, and Asia, and competes with other multi-manager funds such as Citadel and Point72. With a highly selective hiring process and rigorous oversight model, Millennium continues to be one of the most sought-after and closely watched firms in the hedge fund industry.",
Quantitative Internship Programme 2027,Deutsche Bank,deutsche-bank,https://careers.db.com/students-graduates/Search-Programmes/?utm_source=Trackr&utm_medium=tracker&utm_campaign=UK_Finance_2027#/graduate/results/?location=71,UK,Bulge Bracket,2026-09-01,2026-10-30,Unknown,True,True,False,"Deutsche Bank is Germany’s largest bank and a major player in global financial services, offering investment banking, retail banking, asset management, and corporate finance. Headquartered in Frankfurt and operating in over 50 countries, the bank is particularly active in fixed income, foreign exchange, and structured finance. Recent years have seen a renewed strategic focus on core divisions, cost efficiency, and digitalisation. Deutsche Bank also plays a key role in European capital markets and infrastructure finance, while deepening ESG-related services across business lines.",Requires Msc
2027 Actuarial Consultant Internship Programme,WTW,willis-towers-watson,https://eedu.fa.em3.oraclecloud.com/hcmUI/CandidateExperience/en/sites/CX_1003/jobs?keyword=%22internship%22&lastSelectedFacet=TITLES&location=United+Kingdom&locationId=300000000346431&locationLevel=country&mode=location&selectedLocationsFacet=300000000346893%3B300000000346431&selectedTitlesFacet=XI%3BXG&utm_source=Trackr&utm_medium=tracker&utm_campaign=UK_Finance_2027&iis=Trackr&sType=Trackr,UK,Pensions and Insurance,2026-09-01,,Unknown,True,True,False,"WTW is a global advisory and broking firm that helps clients manage risk, improve business performance, and align people strategies with long-term goals. Headquartered in London, WTW operates in more than 140 countries and provides services in insurance brokerage, reinsurance, human capital consulting, pensions, actuarial science, and data analytics. Its clients range from global corporations and governments to SMEs and non-profits. WTW plays a key role in areas such as employee benefits design, ESG risk assessment, retirement funding, and executive compensation. The firm is also a major provider of insurance and reinsurance placement services, leveraging advanced modelling tools and data analytics.",
2027 Investment Management Summer Internship,Barings,barings,https://barings.wd1.myworkdayjobs.com/Barings_Hires/job/London-United-Kingdom/XMLNAME-2027-UK-Investment-Management-Summer-Internship_JR_006642?utm_source=Trackr&utm_medium=tracker&utm_campaign=UK_Finance_2027&source=Trackr,UK,Asset Management,2026-08-28,,Unknown,True,True,False,"Barings is a global investment management firm headquartered in Charlotte, North Carolina, managing investments across public and private markets. A subsidiary of MassMutual, the firm oversees strategies in credit, real estate, private equity, and multi-asset portfolios. Barings serves institutional clients such as pensions, endowments, and insurers, with a strong focus on credit and alternative investments. It operates across the Americas, Europe, and Asia, with a commitment to fundamental research and long-term asset stewardship.",
2027 Internship - Quantitative Trading,Virtu Financial,virtu-financial,https://job-boards.greenhouse.io/virtu/jobs/8547254002?utm_source=Trackr&utm_medium=tracker&utm_campaign=UK_Finance_2027&gh_src=Trackr,UK,Trading and Quant,2026-07-01,,Unknown,True,True,False,"Virtu Financial is a US-based financial services firm specialising in market making, trading technology, and execution services. Headquartered in New York, Virtu operates globally across equities, fixed income, FX, and commodities, using proprietary algorithms and low-latency infrastructure. The firm provides liquidity to global markets and also offers analytics, execution tools, and workflow solutions to institutional clients. Known for its role in electronic trading and its high-speed market presence, Virtu plays a key part in maintaining efficiency and depth in modern financial markets.",
2027 Commodities and Global Markets Summer Internship Programme,Macquarie Group,macquarie-group,https://recruitment.macquarie.com/en_US/careers/JobDetail?jobId=23630&utm_source=Trackr&utm_medium=tracker&utm_campaign=UK_Finance_2027,UK,Middle Market,2026-09-01,,Unknown,True,True,False,"Macquarie Group is a global financial services firm headquartered in Sydney, Australia, offering services across asset management, banking, commodities, and capital markets. Known for its entrepreneurial culture and decentralised structure, Macquarie operates through specialised groups that manage infrastructure, green energy, real estate, and credit investments worldwide. It is one of the world’s largest infrastructure asset managers and a major player in commodity trading and energy finance. The firm’s global advisory and capital markets division supports clients with M&A, equity, and debt financing, often with a focus on complex or cross-border transactions. Macquarie has expanded significantly in Europe and North America and is recognised for combining risk discipline with innovation across sectors including renewables, tech, and transportation.",
Summer Undergrad 2027,BTG Pactual,btg-pactual,https://carreiras.btgpactual.com/vagas/hr/summer-undergrad-2027/6113588004?utm_source=Trackr&utm_medium=tracker&utm_campaign=UK_Finance_2027,UK,Middle Market,2026-08-03,,Online Test,True,True,False,"BTG Pactual is a leading Latin American investment bank and asset manager, headquartered in São Paulo with offices across the Americas, Europe, and the Middle East. Founded in 1983, the firm offers services in investment banking, wealth management, asset management, and lending. It serves corporate, institutional, and high-net-worth clients, and has become a major force in the Brazilian financial market. BTG Pactual is known for its entrepreneurial culture, capital markets expertise, and strong presence in emerging markets.",
Trading & Research Summer Internship 2027,Capula Investment Management,capula-investment-management,https://apply.workable.com/capula-investment-management-ltd/j/A15A62A8BE/?utm_source=Trackr&utm_medium=tracker&utm_campaign=UK_Finance_2027,UK,Buy-Side,2026-04-03,,Unknown,True,True,False,"Capula Investment Management is a global alternative asset manager specialising in fixed income, macro, and absolute return strategies. Founded in 2005 and headquartered in London, the firm manages capital for institutional investors such as pension funds, endowments, and sovereign wealth funds. Capula’s investment strategies are often focused on interest rate and volatility trading, and it is known for operating with a disciplined, risk-managed approach. The firm also maintains offices in Tokyo, Hong Kong, and New York.",
2026 Summer Analyst,Hines,hines,https://careers-hines.icims.com/jobs/search?utm_source=Trackr&utm_medium=tracker&utm_campaign=UK_Finance_2027&iis=Trackr&ss=1&searchPositionType=8710&searchLocation=13702--London,UK,Asset Management,2026-08-07,,Unknown,True,True,False,"Hines is a privately held global real estate investment, development, and management firm headquartered in Houston, Texas, with operations in 30+ countries and a portfolio spanning residential, commercial, and mixed-use properties. Founded in 1957, the firm is known for its institutional approach to real estate, delivering projects that combine architectural quality, long-term value creation, and sustainability. Hines partners with leading investors including pension funds, sovereign wealth funds, and family offices, executing strategies across the capital stack and real estate lifecycle—from core and value-add to opportunistic investments. The company has developed landmark properties in major global cities and is increasingly focused on ESG integration, smart building technologies, and urban transformation initiatives. With deep local expertise backed by centralised research and governance, Hines plays a leading role in shaping the future of global real estate.","This is a 2026 programme, only sharing for completeness"
2027 Investment Banking Analyst Intern,Guggenheim Partners,guggenheim-partners,https://guggenheim.wd1.myworkdayjobs.com/en-US/Guggenheim_Careers_Campus/job/XMLNAME-2027-Investment-Banking-Analyst-Intern---Digital-Infrastructure--London---June---August_14895?utm_source=Trackr&utm_medium=tracker&utm_campaign=UK_Finance_2027&source=Trackr,UK,Middle Market,2026-08-24,,Unknown,True,True,False,"Guggenheim Partners is a diversified global financial services firm offering investment management, investment banking, and insurance services, with over $300 billion in assets under management. Headquartered in New York and Chicago, Guggenheim serves institutional clients including pension funds, insurance companies, sovereign wealth funds, and governments. It is particularly known for its strength in fixed income and structured credit, and for developing innovative solutions in areas like infrastructure financing and private placements. Its investment banking division, Guggenheim Securities, provides M&A and capital markets advisory with a strong presence in healthcare, tech, and media. The firm combines a long-term, research-led investment philosophy with a flexible capital approach, and continues to expand its reach into alternative investments and sustainable finance.",
2027 Summer Internship,Eastdil Secured,eastdil-secured,https://eastdilsecured.bamboohr.com/careers/172?utm_source=Trackr&utm_medium=tracker&utm_campaign=UK_Finance_2027&source=Trackr,UK,Middle Market,2026-09-01,2026-10-16,Unknown,True,True,True,"Eastdil Secured is a leading real estate investment banking firm advising on complex, high-value transactions including investment sales, recapitalisations, debt placements, and joint ventures. Headquartered in New York, it serves institutional investors, REITs, developers, and sovereign wealth funds. The firm is known for its deep market intelligence, longstanding client relationships, and advisory-driven approach in sectors like office, hospitality, logistics, and multifamily. Eastdil bridges commercial real estate expertise with capital markets execution.",
Summer Intern 2027 Programme,DC Advisory,dc-advisory,https://apptrkr.io/dc-advisory/dc-advisory-intern-and-graduate-programmes-2027?utm_source=Trackr&utm_medium=tracker&utm_campaign=UK_Finance_2027,UK,Middle Market,2026-09-01,,Unknown,True,True,False,"DC Advisory is an international investment bank focused on mid-market M&A and strategic advisory services. Part of the Daiwa Securities Group, it operates across Europe, Asia, and the US, advising corporates, private equity firms, and financial sponsors. The firm covers a wide range of sectors including healthcare, technology, infrastructure, and industrials. Known for its cross-border execution and sector depth, DC Advisory combines local insight with global reach to deliver tailored transaction advice.",
EMEA Markets Summer Analyst,Wells Fargo,wells-fargo,https://wd1.myworkdaysite.com/en-US/recruiting/wf/WellsFargoJobs/job/EMEA-Markets-Summer-Analyst_R-570663?utm_source=Trackr&utm_medium=tracker&utm_campaign=UK_Finance_2027,UK,Middle Market,2026-08-26,2026-10-31,Unknown,True,True,False,"Wells Fargo is one of the largest financial institutions in the world, with more than $2.1 trillion in assets and over 200,000 employees globally. Within Corporate & Investment Banking, the firm serves approximately 15,000 clients and lends to 70% of the S&P 500, helping companies raise capital, finance growth, manage risk and execute strategic transactions.

The business has built significant momentum in recent years. Between 2019 and 2025, Banking revenue increased by 35%, Markets revenue grew by 48%, and Commercial Real Estate revenue rose by 28%. The firm has also climbed league tables across investment banking, markets and commercial real estate, establishing itself as one of the strongest growth stories on Wall Street.

For students interested in financial services, Wells Fargo offers exposure to a franchise that combines scale, capital strength and an expanding market presence. Analysts work alongside teams advising on major acquisitions, capital raises, financing transactions and risk management solutions for some of the world's largest companies and investors.",
2027 Advisory Summer Analyst Programme,Perella Weinberg Partners,perella-weinberg-partners,https://pwpcareers.tal.net/vx/lang-en-GB/mobile-0/appcentre-1/brand-4/user-131851/xf-b16b55460bb6/wid-1/candidate/so/pm/1/pl/2/opp/1098-2027-Advisory-Summer-Analyst-Programme-Munich-London/en-GB?utm_source=Trackr&utm_medium=tracker&utm_campaign=UK_Finance_2027,UK,Elite Boutique,2026-08-21,2026-10-01,Unknown,True,True,False,"Perella Weinberg Partners is an independent global advisory firm focused on M&A, financial restructuring, and strategic advisory for corporates, institutions, and governments. Headquartered in New York, with offices in London, Houston, San Francisco, and other financial centres, the firm is known for its senior-led model and focus on complex, high-stakes transactions. Its restructuring practice is one of the most prominent in the industry, advising clients through distressed and special situations, while its M&A practice regularly works on cross-border deals and board-level strategy. Perella Weinberg combines deep sector expertise with an emphasis on discretion and unbiased advice.",
2027 Quant Masters Summer Programme,Jefferies,jefferies,https://jefferies.tal.net/vx/lang-en-GB/mobile-0/appcentre-1/brand-4/candidate/so/pm/1/pl/2/opp/1953-2027-Quant-Masters-Summer-Programme-London/en-GB?utm_source=Trackr&utm_medium=tracker&utm_campaign=UK_Finance_2027,UK,Middle Market,2026-08-31,2026-11-15,Unknown,True,True,False,"Jefferies is a global investment banking and capital markets firm headquartered in New York, offering services in M&A advisory, equity and debt underwriting, research, and trading. The firm is known for its focus on the mid to upper mid-market, serving corporate clients, financial sponsors, and institutional investors across a wide range of industries. Jefferies operates with a full-service model that includes strong sector coverage, global distribution, and a growing footprint in Europe and Asia. It is particularly active in healthcare, industrials, TMT, and consumer, and is regarded as one of the top independent investment banks outside the bulge bracket. Jefferies has also expanded into asset and wealth management, and its flexible, entrepreneurial culture allows it to move quickly in competitive deal environments. With a reputation for high-touch client service and deal execution, it remains a go-to firm for high-growth companies and active sponsors.",
Trader Summer Internship 2027,Maven Securities,maven-securities,https://job-boards.greenhouse.io/mavensecuritiesholdingltd/jobs/8048591?utm_source=Trackr&utm_medium=tracker&utm_campaign=UK_Finance_2027&gh_src=Trackr,UK,Trading and Quant,2026-09-01,2026-10-20,Unknown,True,True,False,"Maven Securities is a proprietary trading firm based in London, specialising in options market-making and quantitative trading across global derivatives and equity markets. The firm operates on major exchanges in Europe, Asia, and the US, using advanced technology and data analytics to provide liquidity and capture short-term inefficiencies. Maven combines research, software development, and risk management in a flat, collaborative structure, attracting talent from both academia and industry. It trades a wide array of products, including ETFs, volatility instruments, and index options, and has a growing presence in crypto derivatives. The firm is known for its low-profile culture, fast-paced trading environment, and commitment to continuous improvement through experimentation and analysis.",
2027 Summer Analyst (Corporate Rotational),PJT Partners,pjt-partners,https://pjtpartners.wd1.myworkdayjobs.com/en-US/Students/job/XMLNAME-2027-Summer-Analyst--Corporate-Rotational--London_R0003512?utm_source=Trackr&utm_medium=tracker&utm_campaign=UK_Finance_2027&source=Trackr,UK,Elite Boutique,2026-08-31,2026-10-04,Unknown,False,True,False,"PJT Partners is a global advisory-focused investment bank, formed as a spin-off from Blackstone in 2015. Headquartered in New York, the firm provides strategic advisory services in M&A, restructuring, and capital markets to corporates, governments, and institutional investors. It is particularly known for its strong presence in complex financial restructurings and special situations, having advised on many of the largest corporate bankruptcies and recapitalisations globally. PJT also operates a capital raising platform, Park Hill, which advises alternative asset managers on fundraising and secondary transactions. With a senior-led, conflict-free model, PJT competes with larger banks by offering high-touch, independent advice in critical, high-stakes mandates.",Back office
2027 Summer Internship Program - EMEA,BlackRock,blackrock,https://blackrock.tal.net/vx/lang-en-GB/mobile-0/brand-3/user-1735377/xf-bce35dd61046/candidate/so/pm/1/pl/1/opp/12232-2027-Summer-Internship-Program-EMEA/en-GB?utm_source=Trackr&utm_medium=tracker&utm_campaign=UK_Finance_2027,UK,Asset Management,2026-06-30,2026-09-30,HireVue,True,True,False,"BlackRock is the world’s largest asset manager, overseeing trillions in assets across index funds, ETFs, active strategies, and alternatives. Founded in 1988 and headquartered in New York, the firm serves institutional, corporate, and retail investors worldwide. Its product suite includes iShares, the world’s most widely used ETF platform, and Aladdin, its proprietary risk and portfolio management system. BlackRock plays a major role in global capital markets, with influence over long-term investment trends, ESG integration, and financial technology innovation.",
2027 Academy Investment Summer Internship,Point72,point72,https://job-boards.greenhouse.io/point72/jobs/8435134002?utm_source=Trackr&utm_medium=tracker&utm_campaign=UK_Finance_2027&gh_src=Trackr&gh_jid=8435134002,UK,Buy-Side,2026-03-02,2026-06-14,Offers Out,True,True,False,"Point72 is a global asset management firm founded by Steven A. Cohen in 2014, following the transition from SAC Capital. Headquartered in Stamford, Connecticut, the firm manages capital across multiple strategies including long/short equity, macro, systematic, and private investments. Its discretionary investing teams operate with autonomy within a multi-manager platform, while its Cubist division focuses on quantitative and algorithmic trading. Point72 also runs a venture capital arm, Point72 Ventures, investing in fintech, healthcare, and enterprise technology. With offices in major financial centres including New York, London, Tokyo, and Singapore, the firm is known for its strong emphasis on data, technology, and talent development, particularly through its structured analyst training programs like the Point72 Academy.",2-5 telephone interviews across HR and traders
2027 Investment Banking Summer Internship Programme,Jefferies,jefferies,https://jefferies.tal.net/vx/lang-en-GB/mobile-0/appcentre-1/brand-4/candidate/so/pm/1/pl/2/opp/1792-2027-Investment-Banking-Summer-Internship-Programme-London/en-GB,UK,Middle Market,2026-08-31,2026-11-15,Unknown,True,True,False,"Jefferies is a global investment banking and capital markets firm headquartered in New York, offering services in M&A advisory, equity and debt underwriting, research, and trading. The firm is known for its focus on the mid to upper mid-market, serving corporate clients, financial sponsors, and institutional investors across a wide range of industries. Jefferies operates with a full-service model that includes strong sector coverage, global distribution, and a growing footprint in Europe and Asia. It is particularly active in healthcare, industrials, TMT, and consumer, and is regarded as one of the top independent investment banks outside the bulge bracket. Jefferies has also expanded into asset and wealth management, and its flexible, entrepreneurial culture allows it to move quickly in competitive deal environments. With a reputation for high-touch client service and deal execution, it remains a go-to firm for high-growth companies and active sponsors.",
Quant Research & Trading Internship - Summer 2027,Hudson River Trading,hudson-river-trading,https://www.hudsonrivertrading.com/careers/?gh_src=Trackr&job-type=internship%2C&locations=london%2C&job-category=strategy-development%2C&utm_source=Trackr&utm_medium=tracker&utm_campaign=UK_Finance_2027,UK,Trading and Quant,2026-08-04,,Unknown,True,True,False,"Hudson River Trading (HRT) is a quantitative trading firm headquartered in New York City, operating across global financial markets using algorithmic strategies and cutting-edge technology. Founded in 2002, HRT combines expertise in mathematics, computer science, and finance to build models that trade equities, derivatives, and other instruments at high speed and large scale. The firm maintains a flat, research-oriented structure and relies on large-scale simulations, real-time data processing, and proprietary infrastructure to execute trades across hundreds of markets. HRT is known for being secretive, highly competitive, and at the forefront of low-latency and high-frequency trading. It competes with other elite quant firms such as Citadel Securities and Jane Street and attracts top technical talent from academia and industry. HRT also invests in infrastructure development, contributing to open-source tools and operating with a long-term mindset in an industry dominated by short-term opportunities.",
2027 Non-Investment Summer Intern,Millennium Management,millennium-management,https://campusjobs.mlp.com/careers?utm_source=Trackr&utm_medium=tracker&utm_campaign=UK_Finance_2027&location=London%2C+London%2C+United+Kingdom&pid=755957819772&domain=mlp.com&sort_by=relevance&triggerGoButton=false,UK,Buy-Side,2026-08-01,,First Round,True,True,False,"Millennium Management is a global multi-manager hedge fund founded in 1989, operating a platform of independent investment teams across asset classes and geographies. Headquartered in New York, the firm manages over $60 billion in assets and allocates capital to hundreds of portfolio managers running diverse, often uncorrelated strategies. Millennium is known for its robust risk management, proprietary infrastructure, and intense focus on performance and discipline. The firm operates offices across the US, Europe, and Asia, and competes with other multi-manager funds such as Citadel and Point72. With a highly selective hiring process and rigorous oversight model, Millennium continues to be one of the most sought-after and closely watched firms in the hedge fund industry.",
Business Analyst Intern,McKinsey & Company,mckinsey-company,https://www.mckinsey.com/careers/search-jobs/jobs/businessanalystintern-15275?utm_source=Trackr&utm_medium=tracker&utm_campaign=UK_Finance_2027,UK,Consulting,2026-09-01,,Unknown,False,True,True,"McKinsey & Company is a global management consulting firm known for advising senior executives, governments, and institutions on strategy, operations, and organisational performance. Founded in 1926 and headquartered in New York, McKinsey operates in more than 65 countries and serves clients across every major industry. The firm is widely recognised for its rigorous problem-solving approach, strong alumni network, and influence in shaping global corporate and public policy. McKinsey also invests in proprietary research, digital tools, and analytics, and has expanded its offerings in implementation, design, and AI-driven transformation. Its influence has made it both highly respected and occasionally controversial, particularly in public-sector advisory. Nonetheless, McKinsey remains a preeminent name in strategic consulting.",
Summer Analyst Programme 2027,Ares Management,ares-management,https://apptrkr.io/ares-management/ares-management-2027-2028/london-summer-intern-programme-2027?utm_source=Trackr&utm_medium=tracker&utm_campaign=UK_Finance_2027,UK,Buy-Side,2026-08-19,,First Round,True,True,False,"Ares Management is a global alternative investment firm headquartered in Los Angeles, managing assets across credit, private equity, real estate, and infrastructure. Founded in 1997, the firm has grown significantly, offering a range of strategies to institutional and retail investors. Ares is known for its scale in private credit and direct lending, and for investing across the capital structure of companies in North America, Europe, and Asia. Its integrated platform allows the firm to deploy capital across market cycles and evolving macro conditions.",
Summer Intern Programme 2027,SMBC,smbc,https://www.brightnetwork.co.uk/graduate-jobs/smbc/smbc-summer-intern-programme-2027?utm_source=Trackr&utm_medium=tracker&utm_campaign=UK_Finance_2027,UK,Middle Market,2026-08-07,2026-09-01,Online Test,True,True,False,"Sumitomo Mitsui Banking Corporation (SMBC) is a major Japanese bank and part of the SMBC Group, offering a broad range of corporate, investment, and retail banking services. Headquartered in Tokyo, SMBC has a global presence, particularly in Asia, the Americas, and EMEA. The bank provides services in project finance, trade finance, syndicated lending, and capital markets, with a strong reputation in infrastructure and energy financing. It works with multinational corporates, financial institutions, and public sector entities, and has expanded its footprint in sustainable finance, ESG advisory, and cross-border investment solutions.",
2027 Summer Analyst (PJT Park Hill - Private Capital Solutions),PJT Partners,pjt-partners,https://pjtpartners.wd1.myworkdayjobs.com/en-US/Students/job/XMLNAME-2027-Summer-Analyst--PJT-Park-Hill---Private-Capital-Solutions--London_R0003511?utm_source=Trackr&utm_medium=tracker&utm_campaign=UK_Finance_2027&source=Trackr,UK,Elite Boutique,2026-08-31,2026-10-04,Unknown,False,True,False,"PJT Partners is a global advisory-focused investment bank, formed as a spin-off from Blackstone in 2015. Headquartered in New York, the firm provides strategic advisory services in M&A, restructuring, and capital markets to corporates, governments, and institutional investors. It is particularly known for its strong presence in complex financial restructurings and special situations, having advised on many of the largest corporate bankruptcies and recapitalisations globally. PJT also operates a capital raising platform, Park Hill, which advises alternative asset managers on fundraising and secondary transactions. With a senior-led, conflict-free model, PJT competes with larger banks by offering high-touch, independent advice in critical, high-stakes mandates.",
2027 Internship Programme,Schroders,schroders,https://ekbq.fa.em2.oraclecloud.com/hcmUI/CandidateExperience/en/sites/CX_2/jobs?utm_source=Trackr&utm_medium=tracker&utm_campaign=UK_Finance_2027&iis=Trackr&sType=Trackr&keyword=%22internship+programme%22&lastSelectedFacet=CATEGORIES&location=United+Kingdom&locationId=300000000304260&locationLevel=country&mode=job-location&selectedCategoriesFacet=300000363681038,UK,Asset Management,2026-08-28,,Unknown,True,True,False,"Schroders is a UK-based global asset manager with a history dating back over 200 years. Headquartered in London, it manages assets across equities, fixed income, multi-asset, private markets, and alternatives for institutional, intermediary, and retail clients worldwide. Schroders is known for its active investment approach, global reach, and strong ESG integration across strategies. The firm has made significant investments in sustainable investing, impact solutions, and private asset capabilities, particularly through its Schroders Capital division. With operations in more than 30 countries, it plays a leading role in shaping responsible investing practices globally.",
2027 Risk Management Group Summer Internship Programme,Macquarie Group,macquarie-group,https://recruitment.macquarie.com/en_US/careers/JobDetail?jobId=23634&utm_source=Trackr&utm_medium=tracker&utm_campaign=UK_Finance_2027,UK,Middle Market,2026-09-01,,Unknown,True,True,False,"Macquarie Group is a global financial services firm headquartered in Sydney, Australia, offering services across asset management, banking, commodities, and capital markets. Known for its entrepreneurial culture and decentralised structure, Macquarie operates through specialised groups that manage infrastructure, green energy, real estate, and credit investments worldwide. It is one of the world’s largest infrastructure asset managers and a major player in commodity trading and energy finance. The firm’s global advisory and capital markets division supports clients with M&A, equity, and debt financing, often with a focus on complex or cross-border transactions. Macquarie has expanded significantly in Europe and North America and is recognised for combining risk discipline with innovation across sectors including renewables, tech, and transportation.",
Summer Internship Opportunities 2027,Walter Scott,walter-scott,https://the-trackr.com/wp-content/uploads/2026/08/WS-Intern-Brochure-2026.pdf?utm_source=Trackr&utm_medium=tracker&utm_campaign=UK_Finance_2027,UK,Asset Management,2026-08-17,2026-10-16,Unknown,False,True,True,"Walter Scott is an Edinburgh-based investment management firm specialising in global equity strategies for institutional investors. Founded in 1983 and now part of BNY Mellon Investment Management, the firm focuses on long-term, fundamental analysis of high-quality companies with strong balance sheets and enduring competitive advantages. Walter Scott builds concentrated portfolios with a bottom-up approach and a clear emphasis on capital preservation and compounding. Its clients include pension funds, endowments, and sovereign wealth funds across the globe.",
2027 Quant Researcher Intern,Millennium Management,millennium-management,https://campusjobs.mlp.com/careers/job/755957778828?utm_source=Trackr&utm_medium=tracker&utm_campaign=UK_Finance_2027,UK,Trading and Quant,2026-07-31,,Unknown,True,True,False,"Millennium Management is a global multi-manager hedge fund founded in 1989, operating a platform of independent investment teams across asset classes and geographies. Headquartered in New York, the firm manages over $60 billion in assets and allocates capital to hundreds of portfolio managers running diverse, often uncorrelated strategies. Millennium is known for its robust risk management, proprietary infrastructure, and intense focus on performance and discipline. The firm operates offices across the US, Europe, and Asia, and competes with other multi-manager funds such as Citadel and Point72. With a highly selective hiring process and rigorous oversight model, Millennium continues to be one of the most sought-after and closely watched firms in the hedge fund industry.",
2027 Global Private Bank - Advisor Summer Internship,J.P. Morgan,j-p-morgan,https://jpmc.fa.oraclecloud.com/hcmUI/CandidateExperience/en/sites/CX_1001/job/210773470/?utm_source=Trackr&utm_medium=tracker&utm_campaign=UK_Finance_2027&iis=Trackr&sType=Trackr,UK,Bulge Bracket,2026-08-31,,HireVue,False,False,False,"J.P. Morgan is the investment banking and wealth management arm of JPMorgan Chase & Co., one of the largest and most influential financial institutions globally. Headquartered in New York, the firm offers services across investment banking, commercial banking, asset and wealth management, and treasury and securities services. It is a market leader in M&A advisory, capital markets, trading, and research, serving corporate clients, financial sponsors, and governments worldwide. J.P. Morgan has a long history of innovation in financial services and is known for its global reach, balance sheet strength, and ability to execute complex, cross-border transactions. The firm plays a central role in capital allocation across public and private markets and continues to invest heavily in technology, digital banking, and sustainability initiatives. With a strong presence in London and across EMEA, it is a key player in European finance as well as global capital markets.",
RESA Summer Internship (2027),Evercore,evercore,https://jobs.smartrecruiters.com/Wiser/744000146672827-resa-summer-internship-2027-evercore?utm_source=Trackr&utm_medium=tracker&utm_campaign=UK_Finance_2027&trid=Trackr&dcr_ci=Trackr,UK,Elite Boutique,2026-09-01,,First Round,True,True,False,"Evercore is a premier global independent investment banking advisory firm, known for advising on complex M&A, capital markets, restructuring, and strategic transactions. Headquartered in New York and founded in 1995, Evercore operates across major financial centres in the Americas, Europe, and Asia. The firm is consistently ranked among the top M&A advisers globally, having advised on some of the largest and most transformative deals in recent decades. Evercore focuses exclusively on advisory—without lending or trading conflicts—positioning itself as a trusted, conflict-free partner to boards, CEOs, and private equity sponsors. The firm also provides institutional equity research and sells insights through its equities division. Known for its talent density, discretion, and analytical rigour, Evercore competes with top-tier Wall Street banks while maintaining an independent, client-focused culture.",
Private Equity Summer Internship 2027,CD&R,cd-r,https://apptrkr.io/summer-internships-2027?utm_source=Trackr&utm_medium=tracker&utm_campaign=UK_Finance_2027,UK,Buy-Side,2026-08-24,,Unknown,True,True,False,"Clayton, Dubilier & Rice is a US-based private equity firm with a long track record of investing in large, established businesses undergoing transformation. Founded in 1978, CD&R focuses on complex transactions such as carve-outs, family-owned business transitions, and corporate partnerships. The firm invests across healthcare, consumer, industrials, and services, often working closely with management to improve performance. CD&R is known for its operational expertise and for appointing experienced executives to lead portfolio companies.",Requires 2 previous internships
M&A Advisory Summer Internship (2027),Evercore,evercore,https://jobs.smartrecruiters.com/Wiser/744000143764788-m-a-advisory-summer-internship-2027-evercore?utm_source=Trackr&utm_medium=tracker&utm_campaign=UK_Finance_2027&trid=Trackr&dcr_ci=Trackr,UK,Elite Boutique,2026-08-17,,First Round,True,True,False,"Evercore is a premier global independent investment banking advisory firm, known for advising on complex M&A, capital markets, restructuring, and strategic transactions. Headquartered in New York and founded in 1995, Evercore operates across major financial centres in the Americas, Europe, and Asia. The firm is consistently ranked among the top M&A advisers globally, having advised on some of the largest and most transformative deals in recent decades. Evercore focuses exclusively on advisory—without lending or trading conflicts—positioning itself as a trusted, conflict-free partner to boards, CEOs, and private equity sponsors. The firm also provides institutional equity research and sells insights through its equities division. Known for its talent density, discretion, and analytical rigour, Evercore competes with top-tier Wall Street banks while maintaining an independent, client-focused culture.",
Trading & Quant Internship 2027,Citadel Securities,citadel-securities,https://www.citadelsecurities.com/careers/open-opportunities?utm_source=Trackr&utm_medium=tracker&utm_campaign=UK_Finance_2027&experience-filter=internships&sections-filter=markets-and-trading%2Cquantitative-research&location-filter=london&selected-job-sections=323%2C325%2C324%2C326&current_page=1&sort_order=DESC&per_page=10&action=careers_listing_filter,UK,Trading and Quant,2026-05-21,,Unknown,True,True,False,"Citadel Securities is a global market-making and trading firm founded in 2002, led by CEO Peng Zhao. The firm provides liquidity and trade execution across equities, options, fixed income, FX, and other securities to both retail and institutional clients. Known for its heavy investment in quantitative research, technology, and risk management, Citadel Securities operates in dozens of markets worldwide, executing a large share of U.S. retail equity volume and serving as a designated market maker on major exchanges.",
2027 Summer Analyst Programme,Ardea Partners,ardea-partners,https://apptrkr.io/ardea-partners-summer-internship-2027?utm_source=Trackr&utm_medium=tracker&utm_campaign=UK_Finance_2027,UK,Elite Boutique,2026-08-25,,Unknown,True,True,False,"Ardea Partners is a private advisory firm that provides strategic financial advice to corporations, investors, and family offices. Founded in 2016 by former Goldman Sachs partners, the firm is based in New York and London, and operates with a model that avoids conflicts of interest by not managing capital or engaging in lending. Ardea advises on mergers, acquisitions, divestitures, and capital structure planning, often working with clients over long time horizons. It is known for discretion, senior-level involvement, and complex cross-border work.",
